,pid,label
0,54615,0
1,53768,0
2,26567,0
3,4028,0
4,5145,0
5,24976,0
6,31364,0
7,64467,0
8,74779,1
9,59916,0
10,1473,0
11,9260,0
12,41018,0
13,63838,0
14,14506,0
15,6768,0
16,35983,0
17,75772,0
18,46732,0
19,39742,0
20,7298,0
21,69918,0
22,8180,0
23,7475,0
24,40221,0
25,64426,1
26,40850,0
27,9104,0
28,32000,1
29,24068,0
30,9464,1
31,24510,0
32,26106,0
33,61616,1
34,36539,0
35,37857,0
36,12177,0
37,25789,0
38,22084,0
39,44782,0
40,13866,0
41,801,0
42,31445,0
43,11300,0
44,285,0
45,42112,0
46,61336,0
47,57230,0
48,53487,0
49,4366,0
50,25092,0
51,45535,0
52,18381,0
53,1780,0
54,13293,0
55,60040,0
56,18764,1
57,3376,0
58,4647,1
59,72368,0
60,31713,0
61,57477,0
62,7614,0
63,73026,0
64,27282,0
65,22639,0
66,38804,0
67,6647,0
68,24845,0
69,13469,0
70,27765,0
71,26048,0
72,3866,0
73,4053,0
74,1518,0
75,164,0
76,6263,0
77,73351,0
78,6575,0
79,1570,1
80,9172,0
81,63057,0
82,32092,0
83,34576,0
84,75037,0
85,5618,0
86,62559,0
87,61868,0
88,70720,0
89,34558,0
90,22436,0
91,4821,0
92,17916,0
93,34761,0
94,53822,0
95,46909,0
96,19907,0
97,41079,0
98,227,0
99,66564,0
100,113,1
101,20240,1
102,37699,0
103,16653,0
104,23764,0
105,3205,0
106,47998,0
107,13332,0
108,59442,0
109,41222,0
110,3285,0
111,14714,0
112,59829,0
113,11856,0
114,45539,0
115,15367,0
116,56847,0
117,60509,0
118,52815,0
119,1472,0
120,41119,0
121,11181,0
122,63950,0
123,54905,0
124,709,1
125,38553,0
126,41394,0
127,40023,0
128,73840,0
129,28964,0
130,2257,0
131,5847,0
132,52669,0
133,20850,0
134,21825,0
135,34367,0
136,54650,1
137,63877,0
138,36278,0
139,74550,0
140,32866,0
141,18896,0
142,990,0
143,7403,0
144,27137,0
145,2608,1
146,21402,0
147,76217,0
148,15779,0
149,465,0
150,76087,0
151,42143,0
152,23378,0
153,72926,0
154,14242,0
155,7669,0
156,37391,0
157,240,0
158,13600,0
159,41736,0
160,63849,0
161,39357,0
162,33940,0
163,23988,0
164,1614,0
165,13072,0
166,31105,0
167,38016,1
168,7840,0
169,14182,1
170,27027,1
171,41260,0
172,72735,0
173,6032,0
174,47883,0
175,53318,1
176,21620,0
177,32795,0
178,48725,0
179,17678,0
180,70475,0
181,12141,0
182,37571,0
183,48928,0
184,29167,0
185,32590,0
186,31566,0
187,8504,0
188,26886,0
189,8706,1
190,40497,1
191,9152,0
192,44064,0
193,9101,0
194,11247,0
195,37221,0
196,71970,0
197,74894,0
198,19726,0
199,8252,0
200,1005,0
201,54069,0
202,41559,0
203,63411,1
204,44841,0
205,17577,0
206,6105,0
207,45930,0
208,7106,0
209,76113,0
210,15855,1
211,35952,0
212,55569,0
213,49718,0
214,42402,0
215,8665,0
216,41731,0
217,20923,0
218,4946,0
219,2327,0
220,53676,0
221,19158,0
222,3179,0
223,33441,0
224,8059,1
225,7616,0
226,4533,0
227,3152,0
228,70773,1
229,10283,1
230,42670,0
231,3933,0
232,62786,0
233,9654,0
234,4812,0
235,56917,0
236,6867,0
237,24259,0
238,65075,0
239,51838,0
240,7817,0
241,6309,0
242,44432,0
243,35944,0
244,41336,0
245,65236,0
246,8809,0
247,21968,0
248,32758,0
249,19335,0
250,19858,0
251,36610,1
252,51335,0
253,38655,1
254,58773,0
255,56819,0
256,58626,0
257,1579,0
258,6395,0
259,62427,0
260,9179,0
261,29954,1
262,74208,0
263,48050,0
264,12841,0
265,56065,1
266,1465,1
267,3066,0
268,20284,0
269,60632,0
270,42234,1
271,74672,1
272,60683,0
273,32198,0
274,46465,0
275,13007,0
276,74870,1
277,1188,0
278,26420,1
279,42097,0
280,35255,0
281,10614,0
282,47788,0
283,58809,1
284,1716,0
285,151,0
286,14455,0
287,54600,0
288,9946,0
289,3802,0
290,55737,0
291,6882,1
292,40976,0
293,30551,0
294,6319,0
295,31041,1
296,5052,0
297,3684,1
298,36556,0
299,6132,0
300,37582,0
301,50066,0
302,25245,0
303,16802,0
304,6009,0
305,61517,0
306,3555,0
307,43888,1
308,14389,0
309,5381,0
310,18663,0
311,65853,0
312,75430,0
313,50022,0
314,20261,0
315,33541,1
316,74993,0
317,22042,1
318,10603,0
319,21162,0
320,20635,1
321,4117,0
322,919,0
323,58955,0
324,27965,0
325,40952,0
326,25604,0
327,43432,0
328,8694,0
329,42270,0
330,13114,0
331,16560,0
332,38907,0
333,46259,0
334,14724,0
335,32884,0
336,3538,0
337,45541,0
338,8940,1
339,54286,0
340,23622,0
341,45848,0
342,4738,0
343,22240,0
344,66911,1
345,16265,0
346,12663,0
347,49364,0
348,73349,0
349,35687,0
350,35421,0
351,8306,0
352,21793,0
353,41009,0
354,38966,0
355,33965,0
356,17831,0
357,28631,0
358,44301,0
359,46369,0
360,10273,0
361,52105,0
362,62440,0
363,5016,0
364,7598,0
365,3536,0
366,4406,0
367,30217,0
368,54976,0
369,30000,0
370,34150,0
371,5937,0
372,4856,0
373,12070,0
374,1381,0
375,28345,1
376,53203,0
377,60925,0
378,47794,0
379,36079,0
380,15668,1
381,12136,0
382,46598,0
383,69325,0
384,34511,0
385,70599,0
386,1048,0
387,47765,0
388,3981,0
389,68730,1
390,16379,0
391,10813,0
392,487,0
393,67580,0
394,3386,0
395,11321,0
396,19050,1
397,32787,0
398,25359,1
399,65888,0
400,26157,0
401,63168,1
402,65278,0
403,5166,0
404,10143,0
405,2042,0
406,11706,0
407,3061,0
408,63162,0
409,13241,0
410,53539,0
411,8591,0
412,63176,0
413,24553,0
414,30790,0
415,999,0
416,31858,0
417,12770,0
418,918,0
419,30216,0
420,15284,0
421,26965,0
422,38885,0
423,19485,1
424,17862,0
425,62235,0
426,33610,0
427,13391,1
428,21935,1
429,61303,0
430,4877,0
431,4436,0
432,15615,0
433,3094,0
434,32642,0
435,2456,0
436,51497,0
437,4010,0
438,30079,0
439,9277,0
440,2543,0
441,71103,0
442,38776,0
443,3496,0
444,73500,0
445,6254,0
446,39191,0
447,21067,0
448,47447,0
449,10180,0
450,48907,0
451,62533,0
452,9064,0
453,21169,0
454,66284,0
455,66794,0
456,5367,0
457,55621,0
458,19949,0
459,32477,0
460,53194,1
461,13916,0
462,53828,0
463,20515,0
464,34796,0
465,13135,1
466,9004,0
467,18348,0
468,292,0
469,58468,0
470,48937,0
471,42943,0
472,47523,0
473,14938,0
474,74202,0
475,16237,0
476,61160,0
477,57808,1
478,25252,0
479,49812,1
480,6035,0
481,16773,0
482,15872,0
483,8689,0
484,38061,0
485,21388,1
486,26810,0
487,2846,0
488,42978,0
489,11199,0
490,66302,0
491,71681,0
492,6596,1
493,39355,0
494,17028,0
495,13502,0
496,44611,0
497,5486,0
498,19224,0
499,63873,0
500,56380,1
501,63755,0
502,40229,0
503,33116,0
504,26287,0
505,7073,0
506,31458,1
507,7588,0
508,13779,0
509,27325,0
510,40508,0
511,42386,0
512,62616,0
513,71965,0
514,41537,0
515,68940,0
516,3935,1
517,12698,0
518,21783,0
519,23803,0
520,53012,1
521,62416,0
522,29116,0
523,18886,0
524,1525,0
525,71889,0
526,72998,0
527,15660,0
528,20378,0
529,57268,0
530,56641,0
531,12935,0
532,26320,0
533,33422,0
534,17053,0
535,35037,0
536,45511,0
537,13917,0
538,55666,0
539,2480,0
540,10378,0
541,2140,1
542,35999,1
543,29112,0
544,25025,0
545,27356,0
546,33776,0
547,7033,0
548,29130,0
549,23067,0
550,9708,0
551,9925,0
552,9125,0
553,8545,0
554,63379,0
555,14926,0
556,26626,0
557,69002,0
558,2622,0
559,3660,0
560,22030,0
561,12975,0
562,10490,0
563,14645,0
564,37005,0
565,2071,0
566,20494,0
567,7862,0
568,30505,0
569,23797,0
570,13499,0
571,6695,0
572,51839,0
573,57358,0
574,53674,0
575,17917,0
576,3878,0
577,60382,0
578,60137,0
579,71188,1
580,58623,0
581,73473,0
582,12940,0
583,43226,1
584,6708,1
585,11941,0
586,1705,0
587,36246,0
588,46716,0
589,67735,0
590,34798,0
591,39438,0
592,30746,0
593,333,0
594,65964,0
595,4008,0
596,11326,0
597,59450,0
598,37971,0
599,31196,0
600,6050,0
601,16548,0
602,48576,0
603,9962,0
604,29265,0
605,69452,0
606,58403,0
607,38000,0
608,71383,1
609,5876,1
610,43841,0
611,69328,0
612,58611,0
613,22568,0
614,75759,0
615,57818,0
616,66742,0
617,44797,0
618,16511,0
619,40795,0
620,6544,0
621,34974,1
622,15076,0
623,67273,0
624,5142,0
625,16258,0
626,37362,1
627,26130,0
628,56260,0
629,70012,0
630,7692,0
631,21232,0
632,5736,0
633,61925,0
634,41979,0
635,53710,0
636,28440,0
637,52887,0
638,68534,1
639,20325,0
640,71729,1
641,67600,0
642,46693,0
643,56003,1
644,60439,0
645,3578,0
646,64189,0
647,5003,0
648,47949,1
649,71311,0
650,2429,0
651,22820,0
652,15545,0
653,46641,0
654,37616,0
655,51493,0
656,26813,0
657,56207,0
658,52175,0
659,17228,0
660,33777,0
661,24725,0
662,7545,0
663,9536,0
664,74499,1
665,910,0
666,7648,0
667,38463,0
668,67843,0
669,44805,0
670,2556,0
671,5024,0
672,39805,1
673,39427,0
674,11058,0
675,4180,0
676,35666,0
677,58658,0
678,57366,0
679,42499,0
680,52119,0
681,22324,0
682,38839,0
683,477,0
684,40800,0
685,22610,0
686,10321,0
687,51709,0
688,4206,0
689,12970,0
690,67027,0
691,68114,0
692,38718,0
693,23982,0
694,40968,0
695,11500,0
696,58398,0
697,64841,0
698,63283,0
699,70675,0
700,23534,0
701,68912,0
702,37610,0
703,41097,0
704,20216,0
705,11495,0
706,42497,1
707,54182,0
708,61073,0
709,40170,0
710,7228,0
711,52972,0
712,68192,0
713,18236,0
714,57513,1
715,2801,0
716,58663,0
717,38175,0
718,45034,1
719,24436,0
720,13027,0
721,68529,0
722,13961,0
723,21999,0
724,42350,0
725,4000,0
726,68411,0
727,18013,0
728,67000,0
729,24834,0
730,7755,1
731,13226,0
732,16178,0
733,9023,0
734,31207,0
735,4718,0
736,17020,0
737,60651,0
738,66857,0
739,9087,0
740,10308,0
741,14144,0
742,5726,1
743,46882,0
744,8084,0
745,28026,1
746,68299,0
747,22662,1
748,28924,0
749,4777,0
750,57087,0
751,46231,0
752,62029,0
753,28002,1
754,37272,0
755,65330,0
756,13533,0
757,15018,1
758,1729,1
759,65291,0
760,13720,0
761,2585,0
762,48736,0
763,14634,0
764,3709,0
765,74637,0
766,56865,0
767,5232,0
768,4573,1
769,26905,1
770,34971,0
771,65302,0
772,583,0
773,48714,0
774,10835,0
775,31830,0
776,51485,0
777,71540,0
778,66162,0
779,13487,0
780,70062,0
781,795,0
782,40198,0
783,61023,0
784,42047,0
785,39152,0
786,24138,0
787,30145,0
788,30752,0
789,22350,0
790,44476,0
791,63256,1
792,14468,0
793,8702,0
794,26183,0
795,33640,0
796,71153,0
797,3942,0
798,1790,0
799,11505,0
800,51931,0
801,54652,0
802,59267,0
803,22499,0
804,708,0
805,68727,0
806,37785,0
807,20388,0
808,20981,0
809,46015,0
810,517,0
811,12887,0
812,10961,0
813,13181,1
814,11003,0
815,9855,1
816,61300,0
817,23189,0
818,9985,0
819,17338,0
820,16945,0
821,17202,1
822,2378,0
823,11056,0
824,32891,0
825,75623,0
826,73112,1
827,14307,0
828,8724,1
829,51849,0
830,11260,0
831,63153,0
832,19422,0
833,58659,0
834,59875,0
835,26085,0
836,38119,0
837,29384,0
838,20012,0
839,68800,0
840,36926,0
841,74552,0
842,64976,0
843,3170,0
844,6029,0
845,8603,0
846,23740,0
847,4633,0
848,36233,0
849,6323,0
850,43861,0
851,64150,0
852,7283,0
853,45815,0
854,51769,0
855,13778,1
856,4863,0
857,7769,0
858,26794,0
859,10128,0
860,56474,0
861,2771,0
862,19597,0
863,2539,0
864,24742,0
865,4426,0
866,65650,0
867,39835,0
868,396,0
869,64567,0
870,73800,0
871,35771,1
872,41565,0
873,43275,0
874,953,0
875,11955,0
876,9408,0
877,13843,1
878,10207,1
879,9040,1
880,18318,0
881,60422,0
882,51511,0
883,64805,0
884,30404,0
885,203,0
886,1089,0
887,28333,0
888,69509,0
889,7748,0
890,6200,0
891,33901,0
892,72895,0
893,47164,0
894,40659,0
895,13596,0
896,46954,0
897,20313,1
898,11200,0
899,32184,0
900,51498,0
901,12153,0
902,52285,0
903,32597,0
904,38793,0
905,40022,0
906,67302,0
907,43767,0
908,41028,0
909,26971,0
910,50016,0
911,8208,0
912,44985,1
913,39852,0
914,61579,0
915,20013,0
916,878,0
917,67847,1
918,14585,0
919,47902,0
920,42647,0
921,5375,0
922,32937,0
923,62955,0
924,11952,0
925,13535,0
926,18093,0
927,8787,0
928,30354,0
929,31743,1
930,1451,0
931,42615,0
932,20410,0
933,1204,0
934,1925,0
935,26675,0
936,28042,0
937,64062,0
938,50511,0
939,802,0
940,69565,0
941,7161,0
942,1972,0
943,51482,0
944,315,0
945,50886,0
946,19000,0
947,15626,1
948,32830,0
949,38862,0
950,36195,0
951,28343,0
952,58885,0
953,10569,0
954,52564,0
955,25844,0
956,56951,0
957,3764,0
958,2658,0
959,1061,0
960,18528,0
961,22158,0
962,39346,1
963,39710,0
964,24410,0
965,20073,0
966,8436,0
967,66318,0
968,68246,0
969,39607,1
970,50422,0
971,29019,0
972,16957,0
973,76215,0
974,27970,0
975,30847,0
976,75414,0
977,546,0
978,2081,1
979,53377,0
980,6658,1
981,34344,0
982,58727,1
983,13854,0
984,28605,1
985,43447,0
986,27670,0
987,40427,0
988,62674,0
989,15467,0
990,54893,0
991,4925,0
992,1254,0
993,45396,0
994,58976,0
995,2726,0
996,29202,0
997,41189,0
998,23653,0
999,15756,0
1000,56465,0
1001,17826,0
1002,49512,0
1003,28452,0
1004,32650,0
1005,59315,1
1006,14832,1
1007,36747,0
1008,30755,0
1009,330,0
1010,18923,0
1011,3565,0
1012,74952,0
1013,49816,0
1014,1332,0
1015,73828,0
1016,44104,0
1017,12191,0
1018,19985,0
1019,28239,0
1020,6300,0
1021,16829,0
1022,21743,0
1023,11282,0
1024,4110,0
1025,4438,0
1026,3373,0
1027,50005,0
1028,56593,0
1029,75294,0
1030,46245,0
1031,42408,0
1032,55430,0
1033,2789,0
1034,8834,0
1035,8914,0
1036,16200,0
1037,53713,0
1038,47628,0
1039,6631,0
1040,65830,0
1041,35147,0
1042,39557,0
1043,34607,0
1044,10121,0
1045,19529,0
1046,59765,0
1047,10432,0
1048,52368,0
1049,34973,0
1050,31770,0
1051,6202,1
1052,65432,0
1053,67075,0
1054,40441,0
1055,62296,0
1056,3877,0
1057,6973,0
1058,33446,0
1059,36264,1
1060,49259,1
1061,63635,0
1062,12308,0
1063,10716,0
1064,59846,0
1065,25099,0
1066,43431,0
1067,71427,0
1068,16745,0
1069,47632,0
1070,15484,0
1071,7572,0
1072,64490,0
1073,50098,0
1074,41057,0
1075,37631,0
1076,74181,1
1077,37522,0
1078,72309,0
1079,8958,0
1080,67236,0
1081,64100,0
1082,54497,0
1083,23518,1
1084,54836,0
1085,35181,0
1086,70355,0
1087,69310,0
1088,40111,0
1089,12261,0
1090,68223,0
1091,14858,0
1092,32727,0
1093,6680,0
1094,13242,0
1095,19465,0
1096,31841,0
1097,3548,0
1098,54064,0
1099,3865,0
1100,21819,0
1101,23060,0
1102,35483,0
1103,21767,0
1104,14341,0
1105,34181,0
1106,35928,0
1107,27289,1
1108,17727,1
1109,36799,0
1110,3953,0
1111,60318,0
1112,32918,0
1113,71963,0
1114,71015,0
1115,9555,0
1116,72927,0
1117,68578,0
1118,58977,0
1119,8597,0
1120,75776,0
1121,1379,0
1122,24930,1
1123,39727,0
1124,2355,0
1125,26704,0
1126,45625,0
1127,37660,0
1128,59324,0
1129,10131,0
1130,10239,0
1131,10995,0
1132,61423,0
1133,32842,0
1134,64713,0
1135,40628,0
1136,18668,0
1137,65396,0
1138,63374,0
1139,5590,0
1140,8062,0
1141,12066,0
1142,7965,0
1143,36602,0
1144,29772,0
1145,6415,1
1146,29061,0
1147,15973,0
1148,27110,0
1149,19430,1
1150,23085,0
1151,2815,0
1152,60777,0
1153,55646,0
1154,61985,1
1155,38003,0
1156,45023,0
1157,21588,0
1158,7092,1
1159,43977,0
1160,28988,0
1161,24328,0
1162,72969,0
1163,1779,0
1164,48772,0
1165,40397,0
1166,5757,0
1167,31511,0
1168,24402,0
1169,3987,0
1170,4962,0
1171,44292,0
1172,55538,0
1173,54664,0
1174,2360,0
1175,36994,0
1176,45218,0
1177,17824,0
1178,4253,0
1179,34025,0
1180,66152,0
1181,752,0
1182,69231,0
1183,11767,0
1184,34781,0
1185,12824,0
1186,24664,0
1187,3694,0
1188,54123,0
1189,51319,0
1190,4260,0
1191,12170,0
1192,409,0
1193,57098,0
1194,53304,0
1195,60136,0
1196,410,0
1197,61888,0
1198,58644,0
1199,7990,0
1200,395,0
1201,2929,0
1202,189,0
1203,43374,0
1204,8649,0
1205,41196,0
1206,72855,1
1207,76131,0
1208,64783,0
1209,6070,0
1210,36441,0
1211,7056,0
1212,31628,0
1213,75181,0
1214,10186,0
1215,16717,0
1216,13259,0
1217,53499,0
1218,14689,1
1219,3822,0
1220,33700,0
1221,55993,0
1222,21252,0
1223,2828,0
1224,73588,0
1225,23959,0
1226,18520,0
1227,2750,0
1228,41434,0
1229,4410,1
1230,68300,0
1231,33183,0
1232,28048,0
1233,69690,0
1234,2592,0
1235,47672,0
1236,61100,0
1237,13377,1
1238,2263,0
1239,55320,0
1240,25764,0
1241,10331,0
1242,38680,0
1243,41958,0
1244,14611,0
1245,70935,0
1246,44337,0
1247,11793,1
1248,29654,0
1249,71078,0
1250,45922,0
1251,8790,0
1252,46902,0
1253,74118,0
1254,46185,0
1255,40272,0
1256,11481,0
1257,402,0
1258,13747,1
1259,14458,1
1260,3092,0
1261,74853,1
1262,38759,0
1263,577,0
1264,47673,0
1265,25523,0
1266,27256,0
1267,11506,0
1268,24132,0
1269,25498,0
1270,11570,0
1271,74111,0
1272,26657,0
1273,70128,0
1274,350,0
1275,75886,0
1276,10546,0
1277,1580,0
1278,44092,0
1279,36346,0
1280,7826,0
1281,17720,0
1282,55388,0
1283,42353,0
1284,15967,0
1285,44976,0
1286,51877,0
1287,42938,0
1288,10234,0
1289,63899,1
1290,17870,0
1291,15315,0
1292,8219,0
1293,66102,0
1294,75204,0
1295,65137,0
1296,69406,0
1297,14002,1
1298,69295,0
1299,38949,0
1300,29723,0
1301,12898,0
1302,45572,0
1303,50517,0
1304,26606,0
1305,44516,0
1306,5745,0
1307,1888,0
1308,38699,0
1309,22396,0
1310,5798,0
1311,699,0
1312,53562,1
1313,70783,1
1314,16373,0
1315,1615,0
1316,22901,0
1317,31895,0
1318,57852,0
1319,3089,0
1320,67492,1
1321,7433,0
1322,355,1
1323,17911,1
1324,22759,0
1325,17932,0
1326,3784,0
1327,3817,0
1328,48996,0
1329,4568,0
1330,16709,1
1331,72464,0
1332,44906,0
1333,37838,0
1334,2617,0
1335,62681,0
1336,22168,0
1337,54666,1
1338,2288,0
1339,63294,0
1340,10235,0
1341,8381,0
1342,54297,0
1343,36980,0
1344,9556,0
1345,11159,0
1346,47762,0
1347,37813,0
1348,35582,0
1349,20577,0
1350,16556,0
1351,41382,0
1352,7197,0
1353,28394,1
1354,67149,0
1355,55511,0
1356,50894,0
1357,14769,0
1358,17557,0
1359,6214,0
1360,11443,0
1361,34306,0
1362,7843,0
1363,39408,0
1364,27383,0
1365,13104,0
1366,2639,0
1367,16338,0
1368,13624,0
1369,37068,0
1370,4898,0
1371,810,0
1372,43454,0
1373,95,0
1374,48418,0
1375,7786,0
1376,43607,0
1377,52796,0
1378,15557,0
1379,5983,0
1380,57746,0
1381,27473,0
1382,10141,1
1383,72353,0
1384,41148,0
1385,59005,0
1386,67435,1
1387,62845,0
1388,21032,0
1389,9856,0
1390,59346,0
1391,5255,0
1392,52547,0
1393,42148,0
1394,25527,0
1395,52012,0
1396,71298,0
1397,4001,0
1398,19367,0
1399,29592,0
1400,18256,0
1401,4538,0
1402,12001,0
1403,21916,0
1404,51288,0
1405,29392,0
1406,14004,1
1407,9795,0
1408,64126,1
1409,10903,0
1410,61406,0
1411,48178,1
1412,40905,0
1413,23363,0
1414,41108,0
1415,13580,0
1416,19885,0
1417,903,0
1418,51236,0
1419,73580,0
1420,30624,0
1421,33858,0
1422,19631,0
1423,17707,1
1424,49706,0
1425,37621,0
1426,405,0
1427,8715,0
1428,34717,0
1429,13618,0
1430,41199,0
1431,60541,0
1432,54243,0
1433,2230,0
1434,65701,0
1435,53877,0
1436,27719,0
1437,18137,0
1438,38259,0
1439,8243,1
1440,73713,0
1441,64623,0
1442,73697,0
1443,25862,0
1444,27375,0
1445,47445,0
1446,48912,0
1447,66165,0
1448,2200,0
1449,1361,0
1450,259,0
1451,56662,0
1452,54911,0
1453,12670,0
1454,25772,0
1455,11366,0
1456,4401,0
1457,3353,0
1458,1993,0
1459,1409,0
1460,18118,0
1461,44633,0
1462,29070,1
1463,48322,0
1464,1775,0
1465,10374,1
1466,8842,0
1467,33686,0
1468,12208,0
1469,40532,0
1470,43179,0
1471,55841,0
1472,75503,0
1473,25590,0
1474,51667,0
1475,2441,0
1476,28678,0
1477,55892,0
1478,57655,0
1479,56959,0
1480,76147,0
1481,41567,0
1482,2785,0
1483,26561,0
1484,33418,0
1485,9337,1
1486,54116,0
1487,4270,0
1488,32221,0
1489,45311,0
1490,15360,0
1491,12591,0
1492,17155,0
1493,35104,0
1494,38095,0
1495,6930,0
1496,33735,0
1497,4909,0
1498,3382,0
1499,28661,0
1500,34904,0
1501,56614,0
1502,31748,0
1503,44576,0
1504,43957,0
1505,890,0
1506,46760,0
1507,2093,1
1508,48492,0
1509,25162,0
1510,3969,0
1511,11537,0
1512,22133,1
1513,72242,0
1514,2115,0
1515,8942,1
1516,35589,0
1517,34608,0
1518,8343,0
1519,41807,0
1520,25851,0
1521,26273,0
1522,51447,0
1523,10289,0
1524,43515,0
1525,39533,0
1526,2763,0
1527,31643,0
1528,25929,0
1529,13366,0
1530,9914,0
1531,47724,0
1532,31537,0
1533,64473,0
1534,34163,0
1535,70600,0
1536,44352,0
1537,19833,0
1538,46587,0
1539,42166,0
1540,29495,0
1541,10567,0
1542,34313,0
1543,41950,0
1544,58493,0
1545,42169,0
1546,17459,0
1547,2363,0
1548,13851,0
1549,14040,0
1550,51966,0
1551,381,0
1552,18810,0
1553,3167,1
1554,1866,0
1555,27725,0
1556,43154,0
1557,73282,0
1558,20255,0
1559,33367,0
1560,24952,0
1561,25394,0
1562,56601,0
1563,13340,0
1564,71819,0
1565,9000,0
1566,65955,0
1567,40915,1
1568,42668,0
1569,52400,0
1570,29113,0
1571,30,0
1572,4526,0
1573,53331,0
1574,51035,0
1575,30660,1
1576,71380,0
1577,35865,0
1578,70756,0
1579,63169,0
1580,20942,0
1581,14421,0
1582,19590,0
1583,16484,0
1584,18388,0
1585,2290,0
1586,6651,0
1587,46162,0
1588,16811,0
1589,38956,0
1590,14343,0
1591,6350,1
1592,45566,0
1593,53111,0
1594,48919,1
1595,63904,0
1596,51743,0
1597,48542,0
1598,58664,1
1599,41188,0
1600,49547,0
1601,37374,0
1602,52639,0
1603,36739,0
1604,5436,0
1605,73048,0
1606,10170,1
1607,49720,0
1608,20044,0
1609,48716,0
1610,15873,0
1611,3546,0
1612,53600,0
1613,68949,0
1614,24581,0
1615,19315,0
1616,35976,0
1617,26523,0
1618,34414,0
1619,68793,0
1620,36917,0
1621,50792,0
1622,44201,0
1623,66483,0
1624,4259,0
1625,40501,1
1626,30355,0
1627,62494,0
1628,31928,0
1629,44006,0
1630,30878,0
1631,2529,1
1632,12831,0
1633,53554,0
1634,1335,0
1635,68387,0
1636,29213,0
1637,9250,0
1638,28797,0
1639,43031,0
1640,16132,1
1641,14404,0
1642,10004,0
1643,53984,0
1644,1095,0
1645,18440,1
1646,9177,0
1647,11762,0
1648,63301,0
1649,60101,1
1650,7541,1
1651,33403,0
1652,43352,0
1653,66692,1
1654,28475,0
1655,4374,0
1656,74363,0
1657,59260,0
1658,15001,0
1659,18469,0
1660,52326,0
1661,14054,0
1662,67098,0
1663,19715,0
1664,22684,0
1665,21784,0
1666,13647,0
1667,57784,0
1668,39518,0
1669,20764,0
1670,6291,0
1671,2717,1
1672,60114,1
1673,46765,0
1674,37043,0
1675,51764,0
1676,23202,0
1677,10653,0
1678,68742,0
1679,15844,0
1680,35274,0
1681,17305,0
1682,14946,0
1683,45657,0
1684,16599,0
1685,25875,1
1686,60115,0
1687,17627,0
1688,54804,1
1689,1887,0
1690,14082,0
1691,44040,0
1692,60986,0
1693,41457,0
1694,30889,0
1695,62121,0
1696,9224,1
1697,9772,0
1698,75754,0
1699,6179,0
1700,34208,0
1701,47250,0
1702,29423,0
1703,23156,0
1704,25999,0
1705,68918,0
1706,47102,0
1707,2181,0
1708,13130,0
1709,13828,0
1710,32075,0
1711,33960,0
1712,24413,0
1713,56896,0
1714,28785,0
1715,24699,0
1716,10807,0
1717,64321,0
1718,23516,0
1719,51496,0
1720,67442,0
1721,45174,0
1722,31697,0
1723,60186,0
1724,1532,0
1725,59517,0
1726,44415,0
1727,27820,0
1728,32679,1
1729,1979,0
1730,10199,0
1731,56418,0
1732,12999,0
1733,13757,0
1734,5793,0
1735,66353,0
1736,18879,0
1737,14476,0
1738,61428,0
1739,17427,0
1740,62977,0
1741,15516,1
1742,51235,1
1743,2484,0
1744,11543,0
1745,4137,0
1746,38348,0
1747,11600,0
1748,31941,0
1749,24058,0
1750,67696,0
1751,1395,0
1752,71170,0
1753,25008,0
1754,65747,0
1755,73119,0
1756,4792,0
1757,44924,0
1758,42526,0
1759,9396,0
1760,59024,0
1761,53288,0
1762,73398,0
1763,4429,0
1764,22774,0
1765,7304,1
1766,59392,0
1767,21452,0
1768,957,0
1769,8906,0
1770,4372,0
1771,34987,0
1772,35760,0
1773,28049,0
1774,19170,0
1775,2885,0
1776,4154,0
1777,16596,0
1778,55374,0
1779,17964,0
1780,11915,0
1781,50056,0
1782,27990,0
1783,54962,0
1784,19025,0
1785,29670,1
1786,13549,1
1787,24042,0
1788,47212,0
1789,69313,1
1790,42432,0
1791,54150,0
1792,24720,0
1793,48087,1
1794,53325,0
1795,59626,0
1796,27807,0
1797,13628,0
1798,28335,1
1799,68573,0
1800,38603,1
1801,37627,0
1802,21598,0
1803,1850,0
1804,815,0
1805,14406,0
1806,63786,0
1807,39645,0
1808,16965,0
1809,36604,0
1810,10978,0
1811,23684,0
1812,70821,0
1813,21383,0
1814,50063,0
1815,9557,1
1816,37345,0
1817,9842,0
1818,33075,0
1819,42051,0
1820,15276,0
1821,15728,0
1822,21746,0
1823,14679,0
1824,48104,0
1825,74442,0
1826,71992,0
1827,55798,0
1828,11169,0
1829,35358,0
1830,750,0
1831,28976,0
1832,61113,0
1833,26747,0
1834,46071,0
1835,36969,0
1836,41602,0
1837,62813,0
1838,70875,0
1839,10751,0
1840,32104,1
1841,56037,0
1842,63761,0
1843,30897,1
1844,35675,0
1845,33840,0
1846,29460,0
1847,61348,0
1848,34305,0
1849,7302,0
1850,16870,0
1851,47662,0
1852,62405,1
1853,43063,0
1854,26948,0
1855,37530,0
1856,16270,1
1857,6782,1
1858,70379,0
1859,44311,0
1860,48152,1
1861,21236,0
1862,36920,0
1863,8413,0
1864,72100,0
1865,24978,0
1866,48213,0
1867,26258,0
1868,9348,0
1869,65652,0
1870,6329,0
1871,71254,0
1872,12607,0
1873,47464,0
1874,1648,0
1875,23294,0
1876,66907,0
1877,2201,0
1878,71964,1
1879,47576,1
1880,46214,0
1881,2423,0
1882,48467,0
1883,31541,0
1884,74632,0
1885,61705,0
1886,16648,0
1887,60158,0
1888,28364,1
1889,43599,0
1890,21591,0
1891,5920,0
1892,32217,0
1893,4123,0
1894,70709,0
1895,48642,1
1896,73783,0
1897,38425,0
1898,22347,0
1899,66748,0
1900,9474,0
1901,6875,0
1902,72694,0
1903,53954,0
1904,13956,0
1905,21543,0
1906,56932,0
1907,34142,0
1908,50613,1
1909,23996,0
1910,51780,0
1911,74086,0
1912,30190,0
1913,7505,0
1914,48499,0
1915,28118,0
1916,32358,1
1917,17628,0
1918,17184,0
1919,5575,0
1920,42073,0
1921,6797,0
1922,9582,0
1923,37101,0
1924,15783,0
1925,59497,0
1926,46823,0
1927,24599,0
1928,15010,0
1929,63197,0
1930,37974,0
1931,46327,0
1932,4561,0
1933,39041,0
1934,6410,1
1935,41371,1
1936,51405,0
1937,7874,0
1938,4242,0
1939,30529,0
1940,28456,0
1941,46523,0
1942,75728,0
1943,8110,0
1944,62447,0
1945,15830,0
1946,3630,0
1947,16144,1
1948,71055,0
1949,57191,0
1950,61903,0
1951,23321,0
1952,48036,0
1953,35018,0
1954,74851,0
1955,3076,0
1956,68887,0
1957,45660,0
1958,21806,0
1959,64586,0
1960,37034,0
1961,29869,0
1962,4826,0
1963,27080,0
1964,55535,0
1965,58376,0
1966,18579,0
1967,71698,0
1968,63854,0
1969,14239,0
1970,1333,0
1971,73094,0
1972,70754,0
1973,73942,0
1974,55261,0
1975,28509,0
1976,32267,0
1977,17634,0
1978,16436,0
1979,60361,0
1980,67372,0
1981,74250,0
1982,47594,0
1983,6895,0
1984,49207,0
1985,37462,0
1986,24817,0
1987,32356,0
1988,29430,0
1989,71087,0
1990,70443,0
1991,24041,0
1992,3355,0
1993,33900,0
1994,74599,0
1995,50218,0
1996,3737,0
1997,34542,0
1998,837,0
1999,44613,0
2000,47074,0
2001,11375,0
2002,1242,0
2003,72794,0
2004,68500,0
2005,30528,0
2006,32113,0
2007,71958,0
2008,22225,0
2009,31699,0
2010,61324,0
2011,3872,0
2012,32739,0
2013,75574,1
2014,1022,0
2015,30683,1
2016,27265,0
2017,74240,0
2018,25187,0
2019,56091,0
2020,53807,1
2021,24420,0
2022,36004,0
2023,58465,0
2024,21195,0
2025,47951,0
2026,13107,0
2027,34743,0
2028,48069,0
2029,58719,0
2030,15677,0
2031,4065,0
2032,17221,0
2033,58206,0
2034,62351,0
2035,2635,0
2036,12920,1
2037,50042,0
2038,20575,0
2039,10763,0
2040,25033,1
2041,29271,0
2042,39422,0
2043,55322,0
2044,36024,0
2045,72365,0
2046,10593,0
2047,12099,0
2048,39584,0
2049,35192,0
2050,4766,0
2051,6608,1
2052,6166,0
2053,23178,0
2054,117,0
2055,401,0
2056,9782,0
2057,22672,0
2058,13480,0
2059,62335,0
2060,7353,0
2061,2683,0
2062,57607,0
2063,39182,0
2064,30772,0
2065,10514,0
2066,66723,0
2067,61766,0
2068,272,0
2069,36295,0
2070,44898,0
2071,8911,0
2072,58985,0
2073,40297,0
2074,7738,0
2075,40691,0
2076,4231,0
2077,306,0
2078,60247,0
2079,17642,0
2080,55170,0
2081,4640,0
2082,10973,0
2083,72876,0
2084,60865,0
2085,37366,0
2086,3720,0
2087,34644,1
2088,67416,0
2089,6568,0
2090,21265,0
2091,3993,0
2092,6529,0
2093,1097,0
2094,25900,0
2095,12038,1
2096,68485,0
2097,55811,0
2098,12034,0
2099,7040,0
2100,2442,0
2101,48874,0
2102,45767,1
2103,70816,0
2104,27920,0
2105,38975,0
2106,34710,0
2107,46054,0
2108,4548,0
2109,29720,0
2110,41925,0
2111,16192,0
2112,42404,0
2113,15040,0
2114,2109,0
2115,4872,0
2116,17745,0
2117,13422,0
2118,51467,0
2119,12006,0
2120,58312,0
2121,63372,0
2122,8964,0
2123,8818,0
2124,61685,1
2125,7933,0
2126,55273,0
2127,22171,0
2128,12837,0
2129,16906,0
2130,71446,0
2131,4970,0
2132,24372,0
2133,7072,0
2134,60362,0
2135,11271,0
2136,22968,0
2137,6057,0
2138,52663,0
2139,72275,0
2140,25380,0
2141,3051,0
2142,59814,0
2143,60485,0
2144,37770,0
2145,58978,0
2146,24044,0
2147,44557,0
2148,50713,0
2149,12782,0
2150,14764,1
2151,64366,0
2152,27875,0
2153,14825,0
2154,22846,0
2155,19742,0
2156,22258,0
2157,14509,0
2158,37159,0
2159,1750,0
2160,16000,0
2161,4160,0
2162,2148,1
2163,35708,0
2164,11168,0
2165,2983,0
2166,302,0
2167,67995,0
2168,72360,0
2169,32297,0
2170,10976,0
2171,29314,0
2172,22627,0
2173,684,0
2174,52433,0
2175,28741,0
2176,20434,0
2177,15316,0
2178,54420,0
2179,58369,0
2180,18507,0
2181,33073,0
2182,65536,0
2183,43210,0
2184,28955,1
2185,47004,0
2186,1988,0
2187,578,0
2188,55843,1
2189,26311,0
2190,5842,0
2191,10188,0
2192,3777,0
2193,26638,0
2194,23146,0
2195,69332,0
2196,337,0
2197,34622,0
2198,48474,0
2199,7670,0
2200,34417,0
2201,14778,1
2202,50159,0
2203,53515,0
2204,19431,0
2205,68187,0
2206,15190,1
2207,36550,0
2208,75130,0
2209,61590,0
2210,40257,0
2211,56133,0
2212,61316,0
2213,62406,0
2214,60175,0
2215,70928,0
2216,15497,0
2217,24657,0
2218,1608,0
2219,6289,1
2220,36850,0
2221,10519,0
2222,37684,1
2223,14206,0
2224,39296,0
2225,39169,0
2226,39705,1
2227,61056,0
2228,34990,0
2229,53213,0
2230,33528,0
2231,1402,0
2232,18726,1
2233,43016,0
2234,45687,0
2235,21431,0
2236,26469,0
2237,35692,1
2238,574,0
2239,15803,0
2240,43849,0
2241,74515,0
2242,26961,0
2243,15985,0
2244,71048,0
2245,30042,0
2246,19037,0
2247,4278,0
2248,42342,0
2249,47465,0
2250,9244,0
2251,60834,0
2252,25901,0
2253,61562,0
2254,41496,0
2255,62385,0
2256,24895,1
2257,13564,0
2258,32083,0
2259,57908,0
2260,44197,0
2261,17164,0
2262,14034,0
2263,5346,0
2264,36014,0
2265,869,1
2266,10859,0
2267,63811,0
2268,10228,0
2269,21874,1
2270,4944,1
2271,55183,0
2272,38769,0
2273,34811,0
2274,69691,0
2275,30872,0
2276,62183,0
2277,15419,0
2278,71342,0
2279,71347,0
2280,14367,1
2281,31230,0
2282,35034,0
2283,3652,0
2284,40403,1
2285,38581,0
2286,10169,0
2287,31756,0
2288,22474,0
2289,42739,0
2290,29058,0
2291,20959,0
2292,818,0
2293,9111,0
2294,2035,0
2295,4017,1
2296,51706,0
2297,46333,0
2298,21995,0
2299,57261,0
2300,75029,0
2301,19998,0
2302,4290,0
2303,65492,1
2304,33688,0
2305,19580,1
2306,3166,0
2307,64390,1
2308,12545,0
2309,16168,0
2310,57103,0
2311,72035,0
2312,26909,0
2313,1281,0
2314,57586,0
2315,60577,0
2316,60277,0
2317,46543,0
2318,66865,0
2319,4085,0
2320,40858,0
2321,4506,0
2322,29904,0
2323,10913,0
2324,67948,0
2325,12808,0
2326,55743,0
2327,64934,0
2328,42870,0
2329,37443,0
2330,22410,0
2331,62774,0
2332,48495,0
2333,65632,0
2334,6806,0
2335,44199,0
2336,43959,0
2337,25158,0
2338,1991,0
2339,51552,0
2340,21873,0
2341,36460,0
2342,37308,0
2343,460,0
2344,72031,0
2345,57953,0
2346,30481,0
2347,58852,0
2348,7185,0
2349,40368,0
2350,66908,0
2351,29417,0
2352,50933,0
2353,64152,0
2354,37078,1
2355,35533,0
2356,32494,0
2357,40061,0
2358,30294,0
2359,30817,0
2360,16602,0
2361,68610,0
2362,62992,0
2363,624,0
2364,57386,0
2365,41798,0
2366,40100,0
2367,31390,0
2368,10722,0
2369,22532,1
2370,7732,0
2371,61097,0
2372,36521,0
2373,49229,0
2374,56523,0
2375,3369,0
2376,28647,0
2377,32006,0
2378,56363,0
2379,39377,0
2380,67437,0
2381,35467,1
2382,35671,0
2383,22069,1
2384,67665,0
2385,43916,1
2386,31497,0
2387,35077,1
2388,11559,1
2389,65827,1
2390,2987,0
2391,9691,0
2392,51362,0
2393,60882,0
2394,33343,0
2395,26771,0
2396,29389,0
2397,23708,0
2398,14997,0
2399,22971,0
2400,16789,0
2401,71452,0
2402,60043,0
2403,47417,0
2404,53613,0
2405,16429,0
2406,34496,0
2407,142,0
2408,15019,1
2409,25271,0
2410,56405,0
2411,284,0
2412,23893,1
2413,36878,0
2414,20074,1
2415,42027,1
2416,26935,0
2417,33928,0
2418,39077,0
2419,51757,0
2420,54855,0
2421,16866,0
2422,1397,0
2423,3169,0
2424,5266,0
2425,1262,0
2426,59851,0
2427,19438,1
2428,52837,0
2429,57296,0
2430,27155,0
2431,37800,0
2432,69696,0
2433,37056,0
2434,34468,0
2435,32190,0
2436,60761,0
2437,4269,0
2438,50542,0
2439,39150,0
2440,20700,0
2441,56615,0
2442,59909,0
2443,36518,0
2444,36758,0
2445,22243,0
2446,13455,1
2447,40464,0
2448,28210,1
2449,14398,0
2450,54293,0
2451,28336,0
2452,11088,0
2453,61701,0
2454,23436,0
2455,7181,0
2456,7260,0
2457,2428,0
2458,75806,0
2459,4516,0
2460,64942,0
2461,68728,0
2462,67507,0
2463,26315,1
2464,65206,0
2465,58113,0
2466,4637,0
2467,28537,0
2468,21192,0
2469,21837,0
2470,8708,0
2471,2078,0
2472,43110,1
2473,15915,0
2474,26760,1
2475,19071,0
2476,10549,0
2477,32756,0
2478,73237,0
2479,29128,0
2480,23499,0
2481,8234,0
2482,34007,0
2483,27464,0
2484,49882,0
2485,28186,0
2486,19943,0
2487,71536,1
2488,52,0
2489,18934,0
2490,5923,1
2491,30507,0
2492,63295,1
2493,14607,0
2494,72669,0
2495,13525,0
2496,16812,0
2497,22505,0
2498,68868,0
2499,9644,0
2500,30605,0
2501,60502,0
2502,5324,0
2503,30069,0
2504,51255,0
2505,26630,0
2506,4414,0
2507,32947,0
2508,6417,0
2509,13039,0
2510,2172,0
2511,19804,0
2512,10363,0
2513,26416,0
2514,3450,0
2515,5035,0
2516,19197,0
2517,33464,0
2518,19554,0
2519,73266,0
2520,44567,0
2521,14977,1
2522,23592,0
2523,12411,0
2524,56956,0
2525,10840,0
2526,18972,0
2527,4194,1
2528,53292,0
2529,4507,0
2530,11602,1
2531,52659,0
2532,25613,0
2533,4603,0
2534,51283,1
2535,6891,0
2536,40951,0
2537,39625,0
2538,47469,0
2539,5345,0
2540,41637,0
2541,36764,0
2542,14302,0
2543,29215,0
2544,28284,0
2545,877,0
2546,32573,0
2547,39701,0
2548,53171,0
2549,63026,0
2550,21694,0
2551,13358,0
2552,33696,0
2553,33340,0
2554,33134,0
2555,31649,0
2556,45469,0
2557,38904,0
2558,4485,0
2559,37312,0
2560,65961,0
2561,3657,0
2562,46308,0
2563,66507,0
2564,25738,0
2565,7615,0
2566,6170,1
2567,44983,0
2568,12060,0
2569,65482,0
2570,44665,0
2571,33487,0
2572,24418,0
2573,57361,0
2574,37493,0
2575,40155,0
2576,31400,0
2577,7867,0
2578,12731,0
2579,19975,0
2580,63219,0
2581,40065,0
2582,31194,0
2583,64550,0
2584,7801,0
2585,5857,0
2586,68981,0
2587,14589,0
2588,2888,0
2589,47543,0
2590,38791,0
2591,34315,0
2592,35334,0
2593,30075,0
2594,55026,0
2595,11442,0
2596,47836,0
2597,3839,0
2598,20873,0
2599,35677,0
2600,1951,0
2601,23450,0
2602,7787,0
2603,41937,0
2604,1885,0
2605,11714,1
2606,47178,0
2607,59880,0
2608,57250,0
2609,5939,0
2610,48732,0
2611,6561,0
2612,44255,0
2613,59037,0
2614,54516,0
2615,67771,0
2616,3961,1
2617,6493,0
2618,23997,0
2619,25184,1
2620,21820,0
2621,20731,1
2622,5950,0
2623,73572,0
2624,35479,0
2625,6623,1
2626,3885,0
2627,65570,0
2628,23101,0
2629,73165,0
2630,44230,0
2631,67196,0
2632,60961,0
2633,59310,0
2634,48979,0
2635,9957,0
2636,53424,0
2637,39065,0
2638,11197,0
2639,27493,1
2640,30123,0
2641,16169,0
2642,16196,0
2643,883,0
2644,9434,0
2645,33879,0
2646,30860,0
2647,25037,0
2648,31913,0
2649,10388,0
2650,4207,0
2651,11133,0
2652,20003,0
2653,72667,0
2654,11694,0
2655,58348,0
2656,43740,0
2657,13844,0
2658,11524,0
2659,22409,0
2660,16656,0
2661,11223,0
2662,28750,0
2663,15628,0
2664,40271,0
2665,19307,0
2666,4169,1
2667,12536,0
2668,6062,1
2669,54318,0
2670,13557,0
2671,18634,0
2672,26795,0
2673,19153,0
2674,34820,1
2675,18158,1
2676,56888,0
2677,65230,0
2678,8487,0
2679,5516,0
2680,42084,0
2681,57219,0
2682,57498,0
2683,9972,0
2684,41940,0
2685,37882,0
2686,46529,0
2687,46362,1
2688,14979,1
2689,34316,0
2690,68962,0
2691,62961,0
2692,34483,0
2693,31303,0
2694,13246,0
2695,27055,0
2696,10230,0
2697,9712,0
2698,1384,0
2699,18406,0
2700,31247,1
2701,41666,0
2702,16425,0
2703,10298,1
2704,18970,0
2705,16022,0
2706,5851,0
2707,46370,0
2708,47220,0
2709,49884,0
2710,23681,1
2711,61508,0
2712,57831,0
2713,44722,0
2714,12888,0
2715,71270,0
2716,38805,0
2717,42180,1
2718,902,0
2719,10485,0
2720,39235,0
2721,2238,0
2722,20854,0
2723,54165,0
2724,51214,0
2725,58036,0
2726,35427,0
2727,23242,0
2728,66757,0
2729,36081,1
2730,11807,0
2731,11190,0
2732,12396,1
2733,5976,0
2734,12195,0
2735,38944,1
2736,30239,0
2737,69787,0
2738,52131,0
2739,2586,1
2740,17572,0
2741,3407,0
2742,38116,0
2743,50786,0
2744,27642,0
2745,39208,0
2746,73052,0
2747,15755,0
2748,6336,0
2749,15670,0
2750,6731,0
2751,24923,0
2752,70869,0
2753,27629,0
2754,70582,0
2755,2908,0
2756,32941,0
2757,14477,0
2758,17698,0
2759,33065,0
2760,6154,0
2761,7223,1
2762,260,0
2763,24351,0
2764,34131,0
2765,39260,0
2766,46742,0
2767,8711,0
2768,37066,1
2769,22276,0
2770,19863,0
2771,44074,0
2772,29471,0
2773,35581,0
2774,56588,0
2775,62675,0
2776,20443,0
2777,73096,0
2778,2036,0
2779,72290,0
2780,4655,0
2781,42364,0
2782,47480,0
2783,27753,0
2784,27092,0
2785,52652,0
2786,35209,0
2787,40871,0
2788,55221,0
2789,22294,0
2790,4907,1
2791,9542,0
2792,38267,0
2793,17069,0
2794,16721,0
2795,58943,0
2796,44247,0
2797,24335,0
2798,68517,0
2799,40694,0
2800,9869,0
2801,22742,0
2802,70695,0
2803,24391,0
2804,25186,0
2805,27292,0
2806,20937,0
2807,8655,0
2808,60287,1
2809,74809,0
2810,51062,0
2811,60798,0
2812,24356,0
2813,25778,0
2814,29597,0
2815,35064,0
2816,19373,0
2817,28307,0
2818,15523,0
2819,70086,1
2820,14999,0
2821,64944,0
2822,8220,0
2823,14957,0
2824,74175,0
2825,57462,1
2826,73459,0
2827,3503,0
2828,3039,0
2829,72811,0
2830,42029,0
2831,26998,0
2832,16677,0
2833,15520,0
2834,38803,0
2835,38519,0
2836,18180,1
2837,43155,0
2838,63626,0
2839,26431,0
2840,14961,0
2841,22528,0
2842,23732,0
2843,75484,0
2844,5562,0
2845,50314,0
2846,53082,1
2847,1592,0
2848,5693,0
2849,36577,0
2850,16259,0
2851,40630,0
2852,26349,0
2853,32601,0
2854,44948,0
2855,9882,0
2856,703,1
2857,51662,0
2858,70942,0
2859,69535,0
2860,65203,0
2861,9813,0
2862,1880,0
2863,9376,0
2864,33681,0
2865,40151,0
2866,8249,0
2867,66201,0
2868,48998,1
2869,47572,0
2870,273,0
2871,51532,0
2872,26937,1
2873,59802,0
2874,5814,0
2875,3186,0
2876,3347,0
2877,5769,0
2878,31241,0
2879,32322,0
2880,67523,0
2881,32275,0
2882,28027,0
2883,8223,0
2884,67640,0
2885,39389,0
2886,24560,0
2887,48676,0
2888,66343,0
2889,31369,0
2890,52047,0
2891,36205,0
2892,17971,0
2893,3512,0
2894,73977,0
2895,22467,0
2896,17090,0
2897,4040,1
2898,39436,0
2899,12509,0
2900,32306,0
2901,2779,0
2902,874,0
2903,50006,1
2904,15914,0
2905,5101,1
2906,37718,0
2907,3156,0
2908,73437,0
2909,17196,0
2910,51569,1
2911,68580,0
2912,9282,0
2913,46572,0
2914,70367,0
2915,9065,0
2916,24093,0
2917,40372,0
2918,11661,0
2919,1449,0
2920,23596,0
2921,6292,0
2922,68911,0
2923,8387,0
2924,19269,0
2925,8479,1
2926,68554,1
2927,6082,0
2928,22368,0
2929,69625,0
2930,45814,0
2931,15784,0
2932,58459,0
2933,10376,1
2934,3158,0
2935,22751,0
2936,75569,0
2937,16809,0
2938,71508,0
2939,2049,0
2940,61795,0
2941,36270,0
2942,62274,0
2943,43756,0
2944,12696,0
2945,46040,0
2946,45829,0
2947,72961,0
2948,13579,0
2949,13966,0
2950,3642,0
2951,61173,1
2952,67898,0
2953,15435,0
2954,4234,0
2955,37946,0
2956,55193,1
2957,53375,0
2958,36992,0
2959,34180,0
2960,66392,0
2961,35511,0
2962,21573,0
2963,48009,0
2964,1444,0
2965,39837,0
2966,45074,0
2967,45011,0
2968,27,0
2969,8625,0
2970,4749,0
2971,3999,0
2972,22953,0
2973,33702,0
2974,64740,0
2975,42881,0
2976,38229,0
2977,38727,0
2978,24688,0
2979,70095,0
2980,33007,0
2981,9848,0
2982,14791,0
2983,55299,0
2984,49959,0
2985,66048,0
2986,63734,0
2987,51100,1
2988,19665,0
2989,59036,0
2990,39340,0
2991,19263,0
2992,6683,0
2993,43212,0
2994,37389,1
2995,40542,0
2996,3344,0
2997,27900,0
2998,35766,0
2999,67051,0
3000,11079,0
3001,55199,0
3002,66045,0
3003,16310,0
3004,13125,1
3005,41788,0
3006,39548,0
3007,17570,0
3008,23549,0
3009,35089,0
3010,4580,0
3011,64215,0
3012,44878,0
3013,32794,0
3014,44621,1
3015,61825,0
3016,21311,0
3017,49914,1
3018,40528,0
3019,17352,0
3020,41861,0
3021,68191,1
3022,31019,0
3023,59760,0
3024,20802,0
3025,62848,0
3026,1249,0
3027,19156,0
3028,13540,0
3029,10570,0
3030,1759,0
3031,8482,1
3032,31646,0
3033,50995,0
3034,50473,0
3035,2242,0
3036,39614,0
3037,57800,0
3038,16290,0
3039,25647,0
3040,40266,0
3041,3714,0
3042,75979,0
3043,20360,0
3044,17858,0
3045,21205,0
3046,16674,0
3047,39635,0
3048,33423,0
3049,16682,0
3050,2064,0
3051,37090,0
3052,69612,0
3053,63181,1
3054,1060,0
3055,33670,0
3056,24070,0
3057,71413,0
3058,29539,1
3059,43114,0
3060,55233,0
3061,14039,0
3062,43611,0
3063,51228,0
3064,11944,0
3065,5752,0
3066,26408,0
3067,1343,0
3068,665,0
3069,45665,0
3070,54,0
3071,15534,0
3072,1008,0
3073,2997,0
3074,26090,0
3075,18920,0
3076,75692,0
3077,3719,0
3078,29433,0
3079,20299,0
3080,11851,0
3081,2275,0
3082,56141,0
3083,39321,1
3084,9264,0
3085,19376,0
3086,55278,1
3087,4712,0
3088,2186,0
3089,74026,1
3090,8278,0
3091,539,0
3092,5977,1
3093,27550,0
3094,24579,0
3095,68902,0
3096,26837,1
3097,20415,0
3098,24901,0
3099,45998,0
3100,6297,0
3101,69264,1
3102,26738,0
3103,28159,0
3104,4325,0
3105,6506,0
3106,49314,0
3107,8247,0
3108,29155,0
3109,11001,0
3110,41218,1
3111,2159,0
3112,29987,0
3113,12448,0
3114,40731,0
3115,44831,0
3116,51500,0
3117,12652,0
3118,10712,0
3119,54655,0
3120,24898,0
3121,9115,0
3122,12537,0
3123,25138,0
3124,27341,0
3125,17581,0
3126,37491,0
3127,7387,0
3128,25063,0
3129,31712,0
3130,17342,0
3131,24708,0
3132,55477,0
3133,52450,0
3134,36864,0
3135,2661,0
3136,61051,0
3137,1855,0
3138,23949,0
3139,20704,0
3140,48196,0
3141,66947,0
3142,55837,1
3143,28889,0
3144,43272,0
3145,5223,1
3146,21220,0
3147,73562,0
3148,6492,0
3149,49455,1
3150,34241,0
3151,40997,0
3152,1821,0
3153,3945,0
3154,16715,0
3155,66763,0
3156,73560,1
3157,17255,0
3158,8508,0
3159,10630,0
3160,49104,0
3161,68145,0
3162,14241,1
3163,9518,0
3164,28653,0
3165,38880,1
3166,32611,0
3167,1873,0
3168,48132,0
3169,10348,0
3170,13353,0
3171,39135,0
3172,31801,0
3173,49184,0
3174,46825,0
3175,49225,0
3176,21415,0
3177,21181,0
3178,56883,0
3179,41712,1
3180,45438,0
3181,8838,0
3182,40024,0
3183,42278,1
3184,2244,0
3185,69425,0
3186,63089,0
3187,531,0
3188,34350,0
3189,30159,1
3190,72853,0
3191,57820,1
3192,11547,0
3193,46811,0
3194,51174,1
3195,6964,0
3196,45707,0
3197,72560,1
3198,9814,0
3199,45730,1
3200,53782,0
3201,46535,0
3202,60535,0
3203,21647,0
3204,22067,0
3205,851,0
3206,3771,0
3207,22897,1
3208,2467,0
3209,33346,0
3210,16068,0
3211,44572,0
3212,47269,0
3213,74731,0
3214,17312,0
3215,9821,1
3216,6481,0
3217,6502,1
3218,61103,0
3219,40016,0
3220,6496,0
3221,8987,0
3222,41889,0
3223,56118,1
3224,24011,0
3225,36889,0
3226,3850,0
3227,47737,0
3228,18826,0
3229,19561,1
3230,47334,0
3231,69792,0
3232,75380,0
3233,41562,0
3234,36127,0
3235,17785,0
3236,42204,0
3237,55212,0
3238,69993,0
3239,25223,0
3240,48728,0
3241,49094,0
3242,28932,0
3243,35279,1
3244,54719,0
3245,1964,0
3246,16494,0
3247,24505,0
3248,64559,0
3249,42298,0
3250,44149,0
3251,38950,0
3252,32081,0
3253,148,0
3254,46814,0
3255,23485,0
3256,26831,0
3257,4685,0
3258,28465,0
3259,74087,0
3260,2723,0
3261,21811,0
3262,15157,0
3263,44088,0
3264,174,0
3265,186,0
3266,55328,0
3267,4297,0
3268,34764,0
3269,56832,1
3270,34049,0
3271,25473,0
3272,26180,0
3273,1408,1
3274,66000,0
3275,38954,0
3276,11393,0
3277,6283,0
3278,66917,0
3279,11361,0
3280,36355,1
3281,42391,0
3282,22933,0
3283,31939,1
3284,38870,0
3285,10967,0
3286,30627,0
3287,5372,0
3288,29529,0
3289,36601,0
3290,39665,0
3291,44106,0
3292,35934,0
3293,63244,0
3294,31618,0
3295,74366,0
3296,74874,0
3297,17391,0
3298,70365,0
3299,48166,1
3300,73567,0
3301,43843,0
3302,57011,0
3303,71179,0
3304,1620,0
3305,23884,0
3306,4865,0
3307,26953,0
3308,37150,0
3309,6910,1
3310,34279,1
3311,46640,0
3312,37287,0
3313,3528,0
3314,12222,0
3315,47865,0
3316,41804,0
3317,14658,0
3318,7051,0
3319,7477,0
3320,10216,0
3321,12096,0
3322,23891,0
3323,75915,0
3324,4217,0
3325,15120,0
3326,3222,0
3327,18432,0
3328,3701,0
3329,23391,0
3330,29435,0
3331,29829,0
3332,11072,0
3333,25261,0
3334,32827,0
3335,12814,0
3336,27028,0
3337,18338,0
3338,51197,0
3339,74169,0
3340,64790,0
3341,40984,0
3342,34339,0
3343,56564,0
3344,69893,0
3345,31746,0
3346,32974,0
3347,3607,0
3348,14983,0
3349,28103,0
3350,36502,0
3351,7060,1
3352,55083,0
3353,22469,0
3354,10120,0
3355,66085,0
3356,25124,0
3357,44575,0
3358,12526,0
3359,62989,0
3360,41315,1
3361,67853,0
3362,75880,0
3363,74718,0
3364,26854,0
3365,71580,0
3366,31610,0
3367,23923,0
3368,38587,0
3369,6373,0
3370,69827,0
3371,9843,1
3372,25514,0
3373,71661,0
3374,5624,0
3375,72443,0
3376,8593,0
3377,394,0
3378,17513,0
3379,8535,0
3380,542,0
3381,8636,0
3382,42394,0
3383,48566,0
3384,68661,0
3385,22519,0
3386,65076,0
3387,28478,0
3388,23014,0
3389,30635,0
3390,24275,0
3391,70718,0
3392,35647,0
3393,529,0
3394,25421,1
3395,6209,0
3396,4081,0
3397,29600,0
3398,43050,1
3399,26898,0
3400,3730,0
3401,43762,0
3402,18385,1
3403,1877,0
3404,26126,0
3405,55292,0
3406,51503,0
3407,17593,0
3408,45319,0
3409,74121,0
3410,64338,0
3411,7295,0
3412,67502,0
3413,35438,1
3414,13763,0
3415,565,1
3416,32789,0
3417,29691,0
3418,75926,0
3419,1712,1
3420,139,0
3421,31266,0
3422,17546,0
3423,3361,0
3424,26712,0
3425,31109,0
3426,11932,0
3427,50123,0
3428,28707,0
3429,12630,0
3430,9056,0
3431,56660,0
3432,23032,0
3433,69251,0
3434,59301,0
3435,49310,0
3436,39307,0
3437,62822,0
3438,47139,0
3439,68348,0
3440,37907,1
3441,37370,0
3442,61124,0
3443,58620,0
3444,50322,0
3445,74914,0
3446,13461,0
3447,20392,0
3448,6743,0
3449,2716,0
3450,32355,0
3451,2508,0
3452,30841,0
3453,16706,0
3454,50389,0
3455,55709,0
3456,53790,0
3457,12542,1
3458,18005,1
3459,47923,1
3460,41122,0
3461,24193,1
3462,67690,1
3463,15285,0
3464,24181,1
3465,29991,0
3466,22451,0
3467,39293,0
3468,71584,0
3469,61534,0
3470,45756,0
3471,36082,0
3472,5873,0
3473,15776,0
3474,43514,0
3475,53638,0
3476,64457,0
3477,9406,0
3478,14093,0
3479,35728,0
3480,48066,0
3481,36119,0
3482,47669,0
3483,36052,0
3484,8768,0
3485,27961,0
3486,73679,0
3487,1671,0
3488,33295,0
3489,53238,0
3490,53756,0
3491,2792,0
3492,10489,0
3493,1703,0
3494,872,0
3495,52021,0
3496,268,0
3497,37653,1
3498,2089,0
3499,5560,0
3500,34867,0
3501,9169,0
3502,43081,0
3503,18869,0
3504,44891,0
3505,11189,1
3506,60654,0
3507,5463,0
3508,56911,0
3509,73120,0
3510,60884,0
3511,38350,0
3512,65811,0
3513,40178,1
3514,2225,0
3515,19546,0
3516,13314,0
3517,66842,0
3518,4783,1
3519,29196,1
3520,45361,0
3521,46926,0
3522,61413,0
3523,18001,0
3524,5579,0
3525,61599,0
3526,43278,1
3527,12798,0
3528,1190,0
3529,65476,0
3530,69925,0
3531,12566,1
3532,5159,0
3533,36935,1
3534,9953,0
3535,14102,0
3536,62196,0
3537,53284,0
3538,67428,0
3539,14734,0
3540,5467,0
3541,60053,0
3542,18720,0
3543,41019,0
3544,27778,0
3545,34013,0
3546,51513,0
3547,10155,0
3548,65449,0
3549,4965,0
3550,5078,0
3551,40859,0
3552,65023,0
3553,38736,0
3554,12113,0
3555,25732,0
3556,15059,0
3557,50346,0
3558,5250,0
3559,75063,0
3560,62943,0
3561,8637,0
3562,66325,0
3563,2224,0
3564,15608,0
3565,3586,0
3566,72427,0
3567,19132,0
3568,40882,0
3569,22509,0
3570,39832,0
3571,14965,0
3572,50311,0
3573,2450,0
3574,6848,0
3575,64047,1
3576,40692,0
3577,39887,0
3578,51581,0
3579,27100,0
3580,67753,1
3581,10592,0
3582,20023,0
3583,27453,0
3584,55287,0
3585,24927,0
3586,67557,0
3587,66846,0
3588,23589,0
3589,60503,0
3590,17684,0
3591,63822,0
3592,57919,0
3593,55874,0
3594,56119,0
3595,736,1
3596,21494,0
3597,5514,0
3598,45747,0
3599,66167,0
3600,60468,0
3601,30659,0
3602,47684,0
3603,12388,0
3604,7439,0
3605,9339,0
3606,46644,0
3607,69100,0
3608,53661,0
3609,5321,0
3610,16943,0
3611,22507,0
3612,8595,0
3613,51360,0
3614,40794,0
3615,71926,0
3616,53313,0
3617,27516,0
3618,1430,0
3619,26584,1
3620,49787,0
3621,18936,0
3622,72487,0
3623,24970,1
3624,38626,0
3625,32954,1
3626,251,0
3627,39068,0
3628,52235,0
3629,26770,0
3630,19393,0
3631,1017,0
3632,7234,0
3633,75516,0
3634,70184,0
3635,1795,0
3636,9242,0
3637,46444,0
3638,15202,0
3639,36102,0
3640,75665,0
3641,32201,0
3642,58191,0
3643,1202,0
3644,20884,1
3645,62469,0
3646,45773,0
3647,31181,0
3648,21559,0
3649,73403,0
3650,2904,0
3651,58286,0
3652,17190,0
3653,6505,0
3654,74888,0
3655,29406,0
3656,15228,0
3657,5810,0
3658,30621,0
3659,9385,0
3660,13219,0
3661,19914,1
3662,49517,0
3663,5530,0
3664,74193,1
3665,35949,0
3666,62445,0
3667,3587,1
3668,14516,0
3669,63664,0
3670,17156,0
3671,35261,0
3672,59082,0
3673,21274,0
3674,15524,0
3675,5878,0
3676,18077,1
3677,44062,0
3678,31500,0
3679,69994,0
3680,29333,0
3681,7127,1
3682,3277,0
3683,3665,0
3684,4974,0
3685,11558,0
3686,45008,0
3687,43331,0
3688,66268,0
3689,7652,0
3690,30168,0
3691,68374,0
3692,70522,0
3693,737,0
3694,75172,1
3695,67618,1
3696,65000,0
3697,220,0
3698,60022,0
3699,10406,0
3700,34338,0
3701,28172,0
3702,75150,0
3703,33651,0
3704,68677,0
3705,8819,0
3706,67217,0
3707,36370,0
3708,71743,0
3709,32385,0
3710,3510,0
3711,7054,0
3712,34347,0
3713,61697,1
3714,5214,0
3715,4770,0
3716,18957,0
3717,30210,0
3718,4951,1
3719,37035,0
3720,53227,0
3721,60113,1
3722,24628,0
3723,4800,0
3724,6306,1
3725,64627,1
3726,604,0
3727,71317,0
3728,3923,0
3729,72578,0
3730,35529,0
3731,55214,0
3732,5304,1
3733,22922,0
3734,19230,0
3735,42530,0
3736,46468,0
3737,65568,0
3738,22028,0
3739,18964,0
3740,36003,0
3741,53176,0
3742,18519,0
3743,63557,0
3744,4295,0
3745,47436,0
3746,49513,0
3747,9858,0
3748,40007,0
3749,13707,0
3750,64660,0
3751,57587,0
3752,29223,0
3753,19112,0
3754,70641,0
3755,53960,0
3756,74075,0
3757,9861,0
3758,31749,0
3759,31213,0
3760,29685,0
3761,53228,0
3762,47251,1
3763,70033,0
3764,18498,0
3765,59427,0
3766,15457,1
3767,7141,1
3768,56154,0
3769,36164,0
3770,61369,0
3771,23276,0
3772,60249,0
3773,53105,0
3774,66882,0
3775,1849,0
3776,43268,0
3777,16281,1
3778,12812,0
3779,8215,0
3780,54184,0
3781,25269,0
3782,54157,0
3783,57287,0
3784,9540,0
3785,45801,0
3786,47353,1
3787,58092,0
3788,3664,0
3789,16660,0
3790,9950,0
3791,51924,0
3792,30098,0
3793,498,0
3794,4797,0
3795,49348,0
3796,30992,0
3797,72797,0
3798,5094,0
3799,775,1
3800,42910,0
3801,18666,0
3802,35028,0
3803,72311,0
3804,61630,0
3805,12318,0
3806,9612,0
3807,593,0
3808,32733,0
3809,67723,0
3810,41077,0
3811,16155,0
3812,52448,0
3813,74532,0
3814,73311,1
3815,13121,0
3816,20816,0
3817,46890,0
3818,5290,0
3819,13724,0
3820,15105,0
3821,67499,0
3822,66945,0
3823,40978,0
3824,9259,0
3825,29476,0
3826,47616,0
3827,36912,1
3828,7991,1
3829,12980,1
3830,37065,0
3831,10178,0
3832,3240,0
3833,62135,0
3834,2758,0
3835,64167,0
3836,28600,0
3837,39694,0
3838,66254,0
3839,2985,0
3840,25752,0
3841,42038,0
3842,69562,0
3843,43404,0
3844,46076,0
3845,4555,0
3846,35866,0
3847,14202,1
3848,46147,0
3849,27571,0
3850,52912,0
3851,53071,1
3852,65097,0
3853,53418,0
3854,73192,0
3855,44058,0
3856,64513,0
3857,48076,0
3858,43358,0
3859,3378,0
3860,5141,0
3861,22081,0
3862,38615,0
3863,20828,0
3864,72507,0
3865,71245,0
3866,43675,0
3867,50476,0
3868,4500,0
3869,76031,0
3870,11318,0
3871,47377,0
3872,44333,0
3873,31043,0
3874,16915,0
3875,2974,0
3876,62479,0
3877,4479,0
3878,55383,0
3879,75947,0
3880,42347,0
3881,27737,0
3882,11673,0
3883,39997,0
3884,43182,0
3885,7120,1
3886,64836,0
3887,56374,0
3888,16537,0
3889,33279,0
3890,51563,0
3891,38135,0
3892,26949,0
3893,55652,1
3894,3301,0
3895,53189,0
3896,17201,0
3897,10203,0
3898,29153,0
3899,33170,1
3900,15602,0
3901,39666,0
3902,18517,0
3903,41709,0
3904,8510,0
3905,3983,0
3906,69192,0
3907,26168,0
3908,42377,1
3909,43307,0
3910,20815,1
3911,5195,0
3912,6378,0
3913,31055,0
3914,33172,0
3915,23976,0
3916,17383,0
3917,13144,0
3918,4728,0
3919,39968,0
3920,55588,0
3921,38481,0
3922,63984,0
3923,14519,0
3924,13472,0
3925,18817,0
3926,63930,0
3927,73538,1
3928,23365,0
3929,62803,0
3930,3011,0
3931,2954,0
3932,7013,1
3933,18861,0
3934,60767,0
3935,478,0
3936,62800,1
3937,1276,0
3938,11386,0
3939,46392,0
3940,33944,0
3941,73239,1
3942,3823,0
3943,49196,1
3944,22297,0
3945,49834,0
3946,66461,0
3947,65040,0
3948,7875,0
3949,2703,0
3950,19934,0
3951,49729,0
3952,49306,0
3953,28978,0
3954,33672,0
3955,63400,0
3956,66089,0
3957,2128,0
3958,9036,0
3959,25526,0
3960,50387,0
3961,33972,0
3962,66524,0
3963,7421,0
3964,49626,0
3965,57215,0
3966,10581,1
3967,28643,1
3968,50167,0
3969,26921,0
3970,67162,0
3971,6,0
3972,739,0
3973,2410,0
3974,61567,0
3975,22367,0
3976,24729,0
3977,14779,0
3978,12877,0
3979,627,0
3980,10974,0
3981,17440,0
3982,46707,0
3983,28914,0
3984,37887,0
3985,46283,1
3986,10686,0
3987,19085,0
3988,27703,0
3989,32295,0
3990,47740,0
3991,48375,0
3992,10691,0
3993,54442,0
3994,60154,0
3995,280,0
3996,4682,0
3997,64048,0
3998,14338,0
3999,20920,0
4000,72956,0
4001,65488,0
4002,4336,0
4003,55245,0
4004,13321,0
4005,1435,0
4006,63711,0
4007,44150,0
4008,56805,0
4009,26171,0
4010,42442,0
4011,56213,0
4012,60166,0
4013,5883,0
4014,38228,0
4015,73466,0
4016,13505,0
4017,3465,0
4018,15572,0
4019,39398,0
4020,55237,1
4021,6424,0
4022,67816,0
4023,73794,0
4024,48323,1
4025,35966,0
4026,32336,0
4027,55182,0
4028,3685,0
4029,29467,0
4030,26996,0
4031,5342,0
4032,43605,0
4033,12654,0
4034,48274,0
4035,39262,0
4036,8512,0
4037,31948,0
4038,42857,0
4039,40570,0
4040,64598,0
4041,17487,0
4042,29364,0
4043,49365,0
4044,75784,0
4045,4958,0
4046,57234,0
4047,25786,0
4048,55262,1
4049,71832,0
4050,47129,0
4051,3399,0
4052,67836,1
4053,66614,0
4054,20118,0
4055,11228,0
4056,31812,0
4057,25080,0
4058,19922,0
4059,15474,0
4060,27175,0
4061,20964,0
4062,51367,0
4063,24230,0
4064,65417,0
4065,49551,1
4066,28597,0
4067,23,0
4068,4323,0
4069,24369,0
4070,16780,0
4071,37880,1
4072,67606,0
4073,7107,0
4074,34259,1
4075,64802,0
4076,39620,0
4077,4056,0
4078,31352,0
4079,24128,1
4080,69240,0
4081,22377,0
4082,490,0
4083,10561,0
4084,69516,0
4085,73839,0
4086,1846,0
4087,67256,0
4088,28642,0
4089,6162,0
4090,30654,0
4091,2187,0
4092,36276,0
4093,15123,0
4094,6516,0
4095,9926,0
4096,35509,0
4097,67890,1
4098,27015,0
4099,50062,0
4100,6010,0
4101,28849,0
4102,56966,0
4103,41673,0
4104,68205,0
4105,28053,0
4106,12657,0
4107,4707,0
4108,25816,0
4109,39331,0
4110,26143,0
4111,64980,0
4112,60069,0
4113,19364,0
4114,12408,0
4115,1839,0
4116,74843,0
4117,8227,0
4118,7329,0
4119,17621,0
4120,38827,0
4121,10557,0
4122,15275,0
4123,67110,0
4124,21301,0
4125,45187,1
4126,1967,0
4127,10241,0
4128,48002,0
4129,33513,0
4130,64952,0
4131,29219,0
4132,76021,0
4133,37319,0
4134,18860,0
4135,65918,0
4136,72838,0
4137,65648,0
4138,50188,0
4139,20901,0
4140,32326,0
4141,64681,0
4142,17992,1
4143,23335,0
4144,30712,0
4145,40995,0
4146,5171,0
4147,51004,0
4148,25834,0
4149,5954,0
4150,37867,0
4151,74282,0
4152,59501,0
4153,74183,0
4154,64387,0
4155,6905,0
4156,69093,0
4157,24000,1
4158,9140,0
4159,67423,0
4160,66336,0
4161,30664,0
4162,40598,0
4163,71853,0
4164,47016,0
4165,1278,1
4166,55240,0
4167,73545,1
4168,50368,0
4169,11239,0
4170,50687,0
4171,11791,0
4172,2460,0
4173,47508,0
4174,49351,0
4175,17547,0
4176,45860,0
4177,74676,0
4178,29889,0
4179,41981,0
4180,328,0
4181,56179,0
4182,20544,0
4183,18710,0
4184,56265,0
4185,51234,0
4186,10750,0
4187,31260,0
4188,43463,0
4189,3440,0
4190,47894,0
4191,39729,0
4192,19470,0
4193,56357,0
4194,35447,0
4195,37560,1
4196,65429,1
4197,17438,0
4198,10989,0
4199,2748,0
4200,32425,0
4201,24774,0
4202,75959,0
4203,21919,0
4204,46156,0
4205,47007,0
4206,29536,0
4207,24411,0
4208,70961,1
4209,7351,0
4210,42254,0
4211,52477,0
4212,20353,0
4213,14909,0
4214,16295,0
4215,56604,0
4216,62125,0
4217,44627,0
4218,26570,0
4219,20670,1
4220,11016,0
4221,25660,0
4222,23020,0
4223,32782,0
4224,50333,0
4225,62552,0
4226,58339,0
4227,43598,0
4228,71026,0
4229,46082,0
4230,11018,0
4231,54542,0
4232,19391,0
4233,41526,0
4234,26608,0
4235,2205,0
4236,8445,0
4237,72825,0
4238,18733,0
4239,5383,0
4240,32026,0
4241,20164,0
4242,17731,0
4243,41439,0
4244,44802,0
4245,8816,1
4246,7108,0
4247,39122,0
4248,8064,0
4249,57125,0
4250,64357,0
4251,59721,1
4252,63260,0
4253,49203,0
4254,5594,0
4255,60170,1
4256,16909,0
4257,36932,0
4258,43318,0
4259,22615,0
4260,24444,1
4261,10658,0
4262,36112,0
4263,59391,0
4264,64331,0
4265,59299,0
4266,54452,0
4267,2105,0
4268,62604,0
4269,7371,0
4270,47196,0
4271,16699,0
4272,3331,0
4273,37970,0
4274,43880,0
4275,53032,0
4276,44784,0
4277,56933,0
4278,23507,0
4279,42717,0
4280,2949,0
4281,28234,0
4282,20518,0
4283,63597,0
4284,32395,1
4285,16897,1
4286,70849,0
4287,1403,1
4288,27907,0
4289,1632,0
4290,9933,0
4291,26474,1
4292,27075,1
4293,6893,0
4294,18753,0
4295,45739,0
4296,31444,0
4297,48093,1
4298,1492,0
4299,7122,0
4300,1796,0
4301,69168,0
4302,49271,0
4303,2625,0
4304,57426,0
4305,8791,0
4306,5957,0
4307,14141,0
4308,2836,0
4309,17307,0
4310,13375,0
4311,17325,0
4312,72054,0
4313,61545,0
4314,49652,0
4315,14683,0
4316,2146,0
4317,19789,0
4318,18390,0
4319,27346,0
4320,55169,0
4321,25125,1
4322,5902,0
4323,32595,0
4324,56997,0
4325,8739,0
4326,839,0
4327,17869,0
4328,47342,0
4329,39679,0
4330,17356,0
4331,16678,0
4332,55231,0
4333,48460,1
4334,30530,0
4335,26368,0
4336,17806,0
4337,32060,0
4338,11823,0
4339,1938,0
4340,35812,0
4341,9144,0
4342,5870,0
4343,59151,0
4344,37328,0
4345,12508,0
4346,7210,0
4347,25230,0
4348,11411,0
4349,7564,1
4350,15860,0
4351,73101,0
4352,1077,0
4353,17973,0
4354,5278,0
4355,38249,0
4356,10304,0
4357,6452,0
4358,32917,0
4359,39698,0
4360,45545,0
4361,36701,0
4362,16220,1
4363,8360,0
4364,45513,1
4365,8773,0
4366,19619,0
4367,11173,0
4368,23852,0
4369,25582,0
4370,1322,1
4371,71940,1
4372,5242,0
4373,40347,0
4374,30100,0
4375,66631,0
4376,52043,0
4377,53454,0
4378,18595,0
4379,13287,0
4380,59653,0
4381,379,0
4382,26705,1
4383,8630,0
4384,66669,0
4385,36645,0
4386,7772,0
4387,53615,0
4388,76037,0
4389,59649,0
4390,14828,0
4391,2394,0
4392,1302,1
4393,57357,0
4394,4029,0
4395,8454,1
4396,44920,0
4397,52367,0
4398,41356,0
4399,6648,0
4400,9008,0
4401,72869,0
4402,34789,0
4403,54105,0
4404,64028,1
4405,45057,0
4406,35996,0
4407,18677,0
4408,15894,0
4409,65389,0
4410,36877,0
4411,10226,1
4412,53444,1
4413,13,1
4414,2528,0
4415,50277,0
4416,1482,0
4417,25137,1
4418,24416,0
4419,28467,1
4420,19525,0
4421,4178,0
4422,41160,0
4423,32846,0
4424,47755,0
4425,74238,0
4426,4157,0
4427,75703,0
4428,45763,0
4429,17665,0
4430,12381,0
4431,24531,0
4432,6474,0
4433,34214,0
4434,3418,0
4435,29341,1
4436,34464,1
4437,41905,0
4438,12238,0
4439,65805,0
4440,49019,0
4441,39407,0
4442,35513,0
4443,25348,0
4444,20797,0
4445,31010,0
4446,67255,0
4447,20306,0
4448,11609,0
4449,2575,0
4450,50035,0
4451,3126,0
4452,3014,0
4453,4825,0
4454,62924,0
4455,68269,0
4456,14207,1
4457,5477,0
4458,56251,0
4459,6627,0
4460,15551,0
4461,3462,0
4462,21726,0
4463,21377,0
4464,41423,0
4465,55595,0
4466,70200,0
4467,50343,0
4468,39877,0
4469,4430,0
4470,20014,0
4471,65274,0
4472,60061,0
4473,10802,1
4474,48961,0
4475,43476,0
4476,54899,0
4477,9297,0
4478,197,0
4479,25444,0
4480,889,0
4481,54140,0
4482,11252,0
4483,28134,0
4484,14675,0
4485,3855,0
4486,18021,0
4487,68386,0
4488,27101,0
4489,49245,0
4490,54517,0
4491,25595,0
4492,34646,0
4493,36797,0
4494,50621,0
4495,9997,0
4496,13873,0
4497,427,0
4498,21288,0
4499,8859,0
4500,6878,1
4501,59963,0
4502,69443,0
4503,43593,0
4504,54073,0
4505,3905,0
4506,76041,0
4507,24504,0
4508,35765,0
4509,45407,1
4510,2849,0
4511,17514,0
4512,5661,0
4513,67156,0
4514,43558,0
4515,74156,1
4516,17737,0
4517,51009,0
4518,74762,0
4519,32516,1
4520,4984,0
4521,53753,0
4522,6450,1
4523,24711,0
4524,50956,0
4525,7395,0
4526,38892,0
4527,56650,0
4528,2591,0
4529,52832,0
4530,11655,0
4531,7721,0
4532,22229,0
4533,54546,0
4534,54646,0
4535,6924,0
4536,71573,0
4537,31094,0
4538,31102,0
4539,30344,0
4540,55560,1
4541,54709,0
4542,59045,0
4543,50781,0
4544,51994,0
4545,29203,1
4546,8128,0
4547,36512,0
4548,48746,0
4549,56788,1
4550,3708,0
4551,4312,0
4552,37931,0
4553,72533,0
4554,26487,0
4555,47707,0
4556,30089,0
4557,35126,0
4558,25432,0
4559,884,0
4560,73768,1
4561,11703,0
4562,39192,0
4563,37995,0
4564,24609,0
4565,33724,1
4566,8072,0
4567,3689,0
4568,55,0
4569,31456,0
4570,23315,0
4571,34046,0
4572,11674,0
4573,64422,0
4574,54262,0
4575,45958,0
4576,12025,0
4577,9613,0
4578,1452,0
4579,32273,0
4580,70862,0
4581,29665,0
4582,2915,0
4583,58035,0
4584,59959,0
4585,69511,0
4586,48887,0
4587,3814,0
4588,17597,0
4589,10612,0
4590,12485,0
4591,58178,0
4592,1112,0
4593,52340,0
4594,24813,0
4595,20759,0
4596,12595,0
4597,9192,1
4598,4211,0
4599,19777,0
4600,31954,0
4601,2687,0
4602,53461,0
4603,1277,1
4604,12320,0
4605,5965,0
4606,74528,0
4607,24639,0
4608,3639,1
4609,12655,0
4610,326,0
4611,6333,0
4612,2596,0
4613,11976,0
4614,68113,0
4615,44844,0
4616,4861,0
4617,727,0
4618,53761,0
4619,52122,0
4620,29537,0
4621,2962,1
4622,68932,0
4623,69929,0
4624,12245,0
4625,60602,0
4626,1090,0
4627,7172,0
4628,35106,0
4629,23750,0
4630,62286,0
4631,52386,1
4632,3595,0
4633,54330,1
4634,42091,0
4635,74187,1
4636,25808,0
4637,67670,0
4638,36405,0
4639,42841,0
4640,41597,0
4641,43826,0
4642,4729,0
4643,72087,0
4644,4007,0
4645,17413,0
4646,35367,0
4647,222,0
4648,61010,0
4649,24637,0
4650,75841,0
4651,52366,0
4652,18255,0
4653,24117,0
4654,45590,0
4655,900,0
4656,22471,0
4657,37553,0
4658,61856,1
4659,15629,0
4660,14984,0
4661,31883,0
4662,29606,0
4663,11426,0
4664,23367,0
4665,47963,0
4666,46044,0
4667,57739,0
4668,69052,0
4669,46293,0
4670,49022,0
4671,5415,0
4672,57619,0
4673,15236,0
4674,51655,0
4675,14334,0
4676,11997,0
4677,6494,0
4678,17455,0
4679,28551,0
4680,67198,0
4681,59000,0
4682,8604,0
4683,49298,0
4684,53355,0
4685,56611,0
4686,33222,0
4687,68616,0
4688,54074,0
4689,4363,0
4690,6512,0
4691,14721,0
4692,321,0
4693,76128,0
4694,15983,0
4695,72682,0
4696,12901,0
4697,75446,0
4698,17034,0
4699,58305,0
4700,38438,0
4701,17098,0
4702,58997,0
4703,26578,0
4704,42205,0
4705,38650,0
4706,31627,0
4707,41500,0
4708,44354,0
4709,25603,0
4710,25815,0
4711,74069,0
4712,31831,0
4713,21530,0
4714,19740,0
4715,65846,0
4716,48777,0
4717,2051,0
4718,13213,0
4719,3710,0
4720,21754,0
4721,1989,1
4722,25363,0
4723,47204,1
4724,31121,0
4725,49262,0
4726,30775,1
4727,39937,0
4728,48315,0
4729,17381,0
4730,56606,0
4731,27942,0
4732,21861,0
4733,41015,0
4734,56197,0
4735,40055,0
4736,73199,0
4737,47310,0
4738,64978,0
4739,11716,0
4740,52099,0
4741,6995,0
4742,47067,0
4743,36579,0
4744,46700,0
4745,3806,1
4746,11772,0
4747,3319,0
4748,61655,0
4749,12299,0
4750,43850,0
4751,16166,0
4752,30989,0
4753,35718,0
4754,7711,0
4755,8808,0
4756,56957,0
4757,67559,0
4758,14474,0
4759,57838,0
4760,28667,0
4761,11387,0
4762,62713,0
4763,25912,0
4764,24457,0
4765,72224,0
4766,65813,0
4767,4341,0
4768,61273,0
4769,9996,0
4770,5014,0
4771,17853,0
4772,37091,0
4773,24858,1
4774,28382,0
4775,63621,0
4776,47772,0
4777,26424,0
4778,24972,0
4779,20633,0
4780,20274,1
4781,65192,0
4782,58700,0
4783,35166,0
4784,13067,0
4785,28370,0
4786,22605,0
4787,52446,0
4788,70566,0
4789,46483,0
4790,26816,0
4791,2496,1
4792,36413,0
4793,23142,0
4794,40392,0
4795,64176,0
4796,4050,0
4797,42588,0
4798,8010,0
4799,10403,0
4800,55661,0
4801,59023,0
4802,24304,1
4803,55420,0
4804,49107,0
4805,36583,0
4806,18099,0
4807,47555,0
4808,26943,0
4809,54908,0
4810,15977,0
4811,60189,0
4812,38521,0
4813,60771,0
4814,8907,0
4815,30986,0
4816,74789,0
4817,31879,0
4818,59477,0
4819,51967,0
4820,44654,0
4821,20860,0
4822,31843,0
4823,69735,0
4824,2045,0
4825,38284,1
4826,23964,0
4827,29651,0
4828,71005,1
4829,52378,0
4830,66489,0
4831,6548,0
4832,48252,0
4833,41284,0
4834,18581,0
4835,57613,0
4836,28461,0
4837,27249,0
4838,8478,0
4839,23531,0
4840,23869,0
4841,42894,0
4842,43905,1
4843,61551,0
4844,43482,0
4845,13191,0
4846,3357,0
4847,7998,0
4848,2795,0
4849,11942,0
4850,19766,0
4851,19638,0
4852,686,0
4853,32923,0
4854,48271,0
4855,19857,0
4856,68108,0
4857,17548,0
4858,60093,0
4859,7844,0
4860,23593,0
4861,20289,0
4862,31250,1
4863,21802,0
4864,48075,0
4865,30838,0
4866,11850,0
4867,15237,0
4868,5360,0
4869,56266,0
4870,57749,0
4871,14494,0
4872,28589,1
4873,7413,0
4874,21807,0
4875,30917,0
4876,6988,0
4877,60677,0
4878,46393,0
4879,49068,0
4880,17014,0
4881,46056,0
4882,66157,1
4883,57096,0
4884,63654,1
4885,39277,0
4886,14344,0
4887,3615,0
4888,1606,0
4889,45184,0
4890,36038,0
4891,62946,0
4892,4339,0
4893,586,0
4894,15338,0
4895,17574,0
4896,31509,0
4897,23152,0
4898,8428,0
4899,16459,0
4900,72644,0
4901,20086,0
4902,8073,0
4903,6164,0
4904,32139,0
4905,14012,0
4906,65434,0
4907,4612,0
4908,25017,0
4909,10103,0
4910,43363,0
4911,66311,0
4912,52976,0
4913,41292,0
4914,74339,0
4915,42524,0
4916,6095,0
4917,760,0
4918,1054,0
4919,58517,0
4920,16918,0
4921,62599,0
4922,11546,0
4923,54818,0
4924,4981,0
4925,8337,0
4926,10035,0
4927,56644,0
4928,3354,1
4929,41100,0
4930,59575,0
4931,64162,0
4932,19089,0
4933,31659,1
4934,14933,0
4935,20157,0
4936,62198,0
4937,19502,0
4938,70696,0
4939,71783,0
4940,60415,0
4941,57856,0
4942,59564,0
4943,74037,0
4944,14568,0
4945,34594,0
4946,12917,0
4947,63462,0
4948,41083,0
4949,53217,0
4950,59511,0
4951,37820,0
4952,10493,0
4953,12620,0
4954,34759,0
4955,20110,0
4956,66522,0
4957,7266,0
4958,7811,0
4959,15569,0
4960,4256,0
4961,1146,0
4962,2926,0
4963,69903,0
4964,3543,0
4965,23129,0
4966,15662,0
4967,35794,0
4968,36678,0
4969,72889,1
4970,73343,0
4971,67784,0
4972,61577,0
4973,70352,0
4974,44791,0
4975,68146,0
4976,57418,0
4977,11134,0
4978,23939,0
4979,62715,1
4980,17259,0
4981,36191,1
4982,21068,0
4983,18534,1
4984,34197,0
4985,72262,0
4986,20837,0
4987,20642,0
4988,74311,0
4989,73647,0
4990,11588,0
4991,30652,0
4992,5291,1
4993,65380,0
4994,4331,0
4995,36841,0
4996,45149,0
4997,25407,0
4998,11099,1
4999,37196,0
5000,61808,0
5001,7909,0
5002,7312,0
5003,19908,0
5004,9974,0
5005,34144,0
5006,21018,0
5007,1923,1
5008,2005,0
5009,22589,0
5010,37414,0
5011,28010,0
5012,27596,0
5013,13980,0
5014,5426,0
5015,19870,0
5016,45324,0
5017,63290,0
5018,69583,0
5019,4315,0
5020,27102,0
5021,63921,0
5022,29874,0
5023,39064,0
5024,65394,0
5025,11119,1
5026,6563,0
5027,14616,0
5028,74563,0
5029,66517,0
5030,62750,0
5031,10956,0
5032,14487,0
5033,69323,0
5034,36524,0
5035,51894,0
5036,1953,0
5037,3342,0
5038,48525,0
5039,5808,0
5040,29437,0
5041,55607,0
5042,14266,0
5043,58121,0
5044,41618,0
5045,16919,0
5046,1638,1
5047,10821,0
5048,11437,0
5049,2857,0
5050,36734,1
5051,938,0
5052,22418,0
5053,54498,0
5054,1782,0
5055,57025,0
5056,971,0
5057,17464,0
5058,228,0
5059,8949,0
5060,35411,0
5061,39333,0
5062,10237,0
5063,34200,0
5064,38970,0
5065,68617,0
5066,41355,0
5067,69241,0
5068,4686,0
5069,30295,0
5070,19844,0
5071,11310,0
5072,16076,0
5073,24442,0
5074,15063,0
5075,64446,0
5076,27238,0
5077,12212,0
5078,63013,0
5079,5495,0
5080,70573,0
5081,38515,1
5082,27006,0
5083,23493,0
5084,13356,0
5085,1980,0
5086,38584,0
5087,36933,0
5088,61217,0
5089,1256,0
5090,72221,0
5091,64831,0
5092,7046,1
5093,70354,0
5094,44180,0
5095,26555,0
5096,38309,0
5097,31345,0
5098,18351,0
5099,9220,0
5100,63477,0
5101,4204,0
5102,10287,0
5103,9915,0
5104,69973,0
5105,9768,0
5106,65255,0
5107,1432,0
5108,25480,0
5109,61216,1
5110,46289,0
5111,36653,0
5112,6221,0
5113,56043,0
5114,41660,0
5115,3327,0
5116,12922,0
5117,73787,0
5118,14740,0
5119,28945,0
5120,5613,1
5121,20010,1
5122,56936,0
5123,7517,1
5124,8577,0
5125,22477,1
5126,67747,0
5127,31460,0
5128,1882,0
5129,21643,0
5130,62260,0
5131,26560,1
5132,52024,0
5133,23808,0
5134,34037,1
5135,438,1
5136,47247,0
5137,7566,0
5138,20352,0
5139,31542,0
5140,63040,0
5141,4698,0
5142,1442,0
5143,2629,0
5144,585,0
5145,74039,0
5146,52314,0
5147,66218,0
5148,1216,0
5149,53302,0
5150,24648,0
5151,14092,0
5152,34228,0
5153,50609,0
5154,59621,0
5155,2513,0
5156,71190,0
5157,8988,0
5158,57073,0
5159,38908,0
5160,26976,0
5161,34799,0
5162,64965,0
5163,13553,0
5164,18736,0
5165,34959,0
5166,49106,0
5167,67185,0
5168,43177,0
5169,65430,0
5170,1936,0
5171,71527,0
5172,53009,0
5173,64183,0
5174,30907,0
5175,1114,0
5176,52784,1
5177,6348,0
5178,32504,0
5179,2796,0
5180,47730,0
5181,70258,0
5182,44696,0
5183,2328,0
5184,54178,0
5185,45960,1
5186,67183,0
5187,47086,0
5188,6249,0
5189,20512,0
5190,56969,1
5191,34207,0
5192,34047,1
5193,25586,0
5194,72147,0
5195,43146,0
5196,13478,0
5197,34438,0
5198,26263,1
5199,74749,0
5200,70924,0
5201,72357,0
5202,60660,0
5203,6669,0
5204,15592,1
5205,49497,0
5206,32867,0
5207,63721,0
5208,3236,0
5209,45380,0
5210,48142,0
5211,14757,0
5212,6026,0
5213,42970,0
5214,14510,1
5215,68413,0
5216,1448,1
5217,61885,0
5218,21371,0
5219,45955,0
5220,39348,0
5221,46312,1
5222,19663,0
5223,75438,1
5224,46101,0
5225,4678,1
5226,31508,0
5227,75851,0
5228,74020,0
5229,49674,1
5230,9443,0
5231,23842,0
5232,58796,1
5233,6108,0
5234,1168,0
5235,16980,1
5236,10664,0
5237,7565,0
5238,50213,0
5239,11871,0
5240,55216,0
5241,45340,0
5242,44097,0
5243,6059,0
5244,69083,1
5245,59092,0
5246,47819,0
5247,16287,1
5248,26369,0
5249,10214,0
5250,863,0
5251,66621,0
5252,43325,0
5253,9017,0
5254,27609,0
5255,50484,0
5256,68596,0
5257,16944,0
5258,52879,0
5259,5149,0
5260,45959,0
5261,4222,0
5262,65164,0
5263,26214,0
5264,41235,0
5265,15148,0
5266,2305,0
5267,31774,0
5268,16519,0
5269,18849,0
5270,35048,0
5271,61613,0
5272,55846,0
5273,72234,1
5274,10133,0
5275,46923,1
5276,536,0
5277,6235,0
5278,16839,0
5279,73564,0
5280,56525,0
5281,55149,0
5282,14001,0
5283,19512,0
5284,4616,0
5285,15430,0
5286,16941,0
5287,23998,0
5288,26511,0
5289,7895,0
5290,56259,0
5291,6199,0
5292,69748,0
5293,44239,0
5294,15396,0
5295,50673,0
5296,45462,0
5297,43847,0
5298,13093,0
5299,80,0
5300,61152,0
5301,11689,0
5302,4425,0
5303,17779,0
5304,24216,0
5305,1081,0
5306,67350,1
5307,43883,0
5308,49690,0
5309,16426,0
5310,16,0
5311,59805,0
5312,43087,0
5313,15399,0
5314,50573,0
5315,14380,0
5316,1966,0
5317,55913,0
5318,45344,0
5319,49745,0
5320,63410,0
5321,12783,0
5322,10640,0
5323,46125,0
5324,57617,1
5325,8893,0
5326,68058,0
5327,69430,0
5328,48537,0
5329,61622,0
5330,9440,0
5331,14274,0
5332,23918,0
5333,5824,1
5334,41295,0
5335,51929,1
5336,46062,0
5337,30165,0
5338,5846,0
5339,66519,0
5340,57436,0
5341,66261,0
5342,74494,0
5343,40443,0
5344,21093,0
5345,68848,0
5346,31433,0
5347,25374,0
5348,9851,1
5349,37071,1
5350,14755,0
5351,52468,0
5352,32369,0
5353,37088,0
5354,2025,0
5355,24515,0
5356,65501,1
5357,33376,0
5358,11307,0
5359,28621,0
5360,23762,1
5361,1600,0
5362,55570,0
5363,967,0
5364,7542,0
5365,24509,0
5366,56139,0
5367,38272,0
5368,2284,1
5369,15068,0
5370,48231,0
5371,48630,0
5372,4476,0
5373,54284,1
5374,12909,0
5375,71202,1
5376,20105,1
5377,1139,0
5378,31515,1
5379,8921,0
5380,33443,0
5381,72361,0
5382,39870,0
5383,68025,0
5384,23374,0
5385,1916,0
5386,856,0
5387,440,0
5388,22203,1
5389,17380,0
5390,58754,0
5391,56960,0
5392,6004,0
5393,4654,0
5394,40825,0
5395,30653,0
5396,62543,0
5397,41297,0
5398,39255,0
5399,35858,0
5400,196,0
5401,43960,0
5402,27659,0
5403,65616,0
5404,59144,0
5405,67611,0
5406,11382,0
5407,34768,0
5408,1728,0
5409,4213,0
5410,49835,0
5411,21512,0
5412,44693,0
5413,26655,0
5414,54971,0
5415,45351,0
5416,73440,0
5417,35011,0
5418,32259,0
5419,29397,0
5420,64574,1
5421,24082,0
5422,54003,1
5423,28646,0
5424,57809,0
5425,30791,0
5426,7049,0
5427,62166,0
5428,11984,0
5429,33979,1
5430,37505,1
5431,59998,0
5432,65710,0
5433,25090,0
5434,40273,0
5435,23628,0
5436,12380,0
5437,70514,0
5438,52682,0
5439,22580,0
5440,7626,0
5441,57364,1
5442,61272,1
5443,25641,0
5444,15179,0
5445,50278,0
5446,6393,0
5447,28543,1
5448,2243,0
5449,21007,0
5450,15594,1
5451,932,0
5452,1520,0
5453,5180,0
5454,34814,0
5455,46495,0
5456,46694,0
5457,9325,0
5458,31116,0
5459,12032,0
5460,43919,0
5461,67795,0
5462,46420,1
5463,20527,0
5464,38380,0
5465,25848,0
5466,47667,0
5467,18190,0
5468,30516,0
5469,15583,1
5470,55807,1
5471,720,0
5472,68684,0
5473,8011,0
5474,18518,0
5475,29595,1
5476,458,0
5477,20183,0
5478,63377,0
5479,20147,0
5480,4671,0
5481,19537,0
5482,28966,0
5483,43715,0
5484,2971,0
5485,10187,0
5486,23581,0
5487,18999,0
5488,10386,0
5489,48292,1
5490,22164,0
5491,11594,0
5492,16311,0
5493,70187,0
5494,63173,0
5495,17823,0
5496,13717,0
5497,20355,0
5498,62059,0
5499,33701,0
5500,17798,0
5501,8948,0
5502,4104,0
5503,23883,0
5504,25921,0
5505,10150,1
5506,74665,0
5507,11241,0
5508,39002,0
5509,12267,1
5510,16659,0
5511,27272,0
5512,13070,0
5513,54118,0
5514,52140,0
5515,44846,0
5516,2103,1
5517,9618,0
5518,29405,0
5519,57460,0
5520,26841,0
5521,16507,1
5522,11766,0
5523,16461,0
5524,50272,0
5525,68811,1
5526,66636,0
5527,68282,0
5528,72148,0
5529,6441,0
5530,58555,0
5531,50783,0
5532,23344,0
5533,72090,0
5534,21367,0
5535,25395,0
5536,17173,1
5537,2086,0
5538,1650,0
5539,65263,0
5540,12197,0
5541,30719,0
5542,59214,0
5543,961,0
5544,19815,1
5545,14016,0
5546,4733,1
5547,43255,0
5548,47043,0
5549,40783,0
5550,6966,0
5551,62655,0
5552,9304,0
5553,56457,0
5554,55228,0
5555,29205,1
5556,15564,0
5557,61547,0
5558,2817,0
5559,43194,0
5560,39752,0
5561,37226,0
5562,16827,0
5563,41320,0
5564,27262,0
5565,29830,0
5566,69975,0
5567,1007,0
5568,31660,0
5569,34239,0
5570,64292,0
5571,19416,0
5572,46018,0
5573,10766,0
5574,72514,0
5575,6530,1
5576,19327,0
5577,26912,0
5578,33608,1
5579,3626,0
5580,25316,0
5581,73596,1
5582,69398,0
5583,22700,0
5584,54299,0
5585,38466,0
5586,51692,0
5587,17118,0
5588,50227,0
5589,5764,1
5590,76212,1
5591,23812,0
5592,13029,0
5593,44504,0
5594,59734,0
5595,13734,0
5596,57965,0
5597,39774,0
5598,17019,0
5599,49708,0
5600,59380,0
5601,6566,0
5602,68980,0
5603,1126,1
5604,27701,0
5605,12460,0
5606,15132,0
5607,63931,0
5608,57669,0
5609,58159,0
5610,8705,0
5611,784,0
5612,73638,0
5613,21749,0
5614,15566,0
5615,70016,0
5616,40246,0
5617,16077,0
5618,50018,0
5619,40654,0
5620,34791,0
5621,72204,0
5622,29168,0
5623,9487,0
5624,17582,0
5625,10720,0
5626,44181,0
5627,14547,0
5628,2573,0
5629,7027,0
5630,69463,0
5631,57873,0
5632,1511,0
5633,24857,0
5634,2938,1
5635,2296,0
5636,22584,0
5637,15548,0
5638,16638,0
5639,27709,0
5640,208,0
5641,9449,0
5642,11913,0
5643,58038,1
5644,59618,0
5645,19057,0
5646,27392,0
5647,36171,0
5648,32213,0
5649,34616,1
5650,44379,0
5651,5031,0
5652,528,1
5653,45275,0
5654,25870,0
5655,24545,0
5656,33425,0
5657,45244,0
5658,57614,0
5659,10885,0
5660,20385,0
5661,4181,0
5662,59763,0
5663,38030,1
5664,12284,0
5665,31894,0
5666,3439,0
5667,37710,0
5668,11379,0
5669,66389,0
5670,24285,0
5671,24076,0
5672,43869,0
5673,35736,0
5674,44408,1
5675,52711,0
5676,69474,0
5677,58297,0
5678,71995,0
5679,40627,0
5680,66869,1
5681,37186,0
5682,29980,0
5683,47343,0
5684,18903,0
5685,19095,1
5686,3299,0
5687,54276,0
5688,45048,0
5689,69659,0
5690,71669,0
5691,28922,1
5692,23055,0
5693,62210,0
5694,39753,0
5695,37,0
5696,37156,0
5697,43346,0
5698,68077,0
5699,70537,0
5700,22802,0
5701,4928,0
5702,49947,0
5703,29457,0
5704,57336,0
5705,49898,0
5706,40131,0
5707,21932,0
5708,44779,0
5709,5419,0
5710,35753,0
5711,3391,0
5712,44503,0
5713,40493,0
5714,3585,0
5715,72770,0
5716,38039,0
5717,20674,0
5718,10791,0
5719,16036,0
5720,30661,0
5721,64377,0
5722,25920,0
5723,53353,0
5724,1205,0
5725,70361,0
5726,48304,1
5727,14413,0
5728,26986,0
5729,54597,0
5730,63521,0
5731,49616,0
5732,61555,1
5733,20784,0
5734,55930,0
5735,3482,0
5736,16908,0
5737,15370,0
5738,11255,0
5739,3031,0
5740,36725,0
5741,15864,0
5742,56337,0
5743,73584,0
5744,34687,0
5745,25684,0
5746,53542,0
5747,27570,0
5748,18786,0
5749,35535,0
5750,12668,0
5751,43172,0
5752,36700,0
5753,48528,0
5754,6702,0
5755,3633,0
5756,7726,0
5757,32592,0
5758,19179,0
5759,9816,0
5760,5584,0
5761,9631,0
5762,10407,0
5763,57781,0
5764,26333,0
5765,75859,0
5766,70650,0
5767,41750,0
5768,13732,1
5769,22337,0
5770,34176,0
5771,15477,0
5772,24021,0
5773,5216,1
5774,59257,0
5775,70283,0
5776,45222,0
5777,3374,0
5778,2173,1
5779,45437,0
5780,2759,0
5781,43918,0
5782,69958,1
5783,4912,0
5784,43119,1
5785,42331,0
5786,50850,0
5787,6531,1
5788,38661,0
5789,12270,0
5790,10366,0
5791,64784,0
5792,21056,1
5793,21668,0
5794,7280,0
5795,65171,0
5796,66889,1
5797,403,0
5798,21134,0
5799,21285,0
5800,49085,0
5801,34870,0
5802,54874,0
5803,41383,0
5804,49556,0
5805,60934,0
5806,14043,0
5807,6836,0
5808,18850,0
5809,40703,0
5810,74757,0
5811,29577,1
5812,14438,0
5813,35767,0
5814,56889,0
5815,57039,0
5816,5845,1
5817,26538,0
5818,23383,0
5819,14017,0
5820,3328,0
5821,21187,0
5822,52491,0
5823,41303,0
5824,29989,0
5825,35237,0
5826,36517,0
5827,27106,0
5828,20324,1
5829,71133,0
5830,24924,0
5831,17700,0
5832,29041,0
5833,24629,1
5834,14973,0
5835,23888,0
5836,61453,0
5837,34977,0
5838,25309,0
5839,17153,0
5840,24014,0
5841,34497,0
5842,26925,0
5843,68071,0
5844,25238,0
5845,20437,0
5846,56954,1
5847,6316,0
5848,63166,1
5849,39940,0
5850,19788,0
5851,37569,0
5852,58115,0
5853,60088,0
5854,17105,0
5855,4514,0
5856,24469,0
5857,1500,0
5858,63069,0
5859,8667,0
5860,36123,0
5861,36837,0
5862,44695,0
5863,18575,0
5864,53708,0
5865,50583,0
5866,62916,0
5867,25695,0
5868,20978,1
5869,9133,0
5870,40417,1
5871,6580,0
5872,369,0
5873,1820,0
5874,73991,0
5875,64142,0
5876,20757,0
5877,6388,1
5878,35317,0
5879,73011,0
5880,29448,0
5881,2331,0
5882,13286,0
5883,219,1
5884,26687,1
5885,2551,1
5886,68740,0
5887,72129,0
5888,5979,1
5889,3083,0
5890,9003,0
5891,65212,0
5892,13871,0
5893,22796,0
5894,17667,0
5895,8235,0
5896,22457,0
5897,26438,0
5898,33239,0
5899,10812,0
5900,33831,0
5901,64745,0
5902,27507,0
5903,11122,0
5904,72138,0
5905,33755,0
5906,38102,0
5907,52436,0
5908,20833,0
5909,22416,1
5910,47529,0
5911,11659,0
5912,12989,0
5913,2357,0
5914,48781,0
5915,75379,0
5916,44823,0
5917,49518,0
5918,58197,0
5919,56296,0
5920,53650,0
5921,54979,1
5922,10669,0
5923,41111,0
5924,65546,0
5925,35544,0
5926,36240,0
5927,59577,0
5928,22446,0
5929,32041,0
5930,74044,0
5931,1052,0
5932,1499,0
5933,46400,0
5934,54852,0
5935,22812,0
5936,74864,0
5937,29443,0
5938,12341,0
5939,157,0
5940,69368,0
5941,64781,1
5942,35914,0
5943,73481,0
5944,49156,0
5945,15277,1
5946,30447,0
5947,59284,0
5948,11508,0
5949,63394,0
5950,11036,0
5951,26728,0
5952,11656,0
5953,59692,0
5954,47680,0
5955,33880,0
5956,57153,0
5957,25452,0
5958,7865,0
5959,25116,0
5960,34592,0
5961,32986,1
5962,71125,0
5963,62005,0
5964,8760,0
5965,60329,0
5966,44071,0
5967,32749,0
5968,39101,0
5969,54984,0
5970,70353,0
5971,792,1
5972,41948,0
5973,42023,0
5974,59590,0
5975,37749,0
5976,41795,0
5977,19276,0
5978,41419,0
5979,49646,0
5980,70879,0
5981,10451,1
5982,37338,0
5983,4701,0
5984,3793,0
5985,43580,0
5986,4893,1
5987,14920,0
5988,16482,0
5989,21469,0
5990,16238,0
5991,49851,0
5992,9700,0
5993,1300,0
5994,3102,0
5995,25966,0
5996,1545,0
5997,48904,0
5998,21914,0
5999,58505,0
6000,41432,0
6001,4452,0
6002,2260,1
6003,31902,0
6004,31222,0
6005,17442,0
6006,44568,0
6007,34724,0
6008,8844,1
6009,37230,0
6010,45042,0
6011,22788,0
6012,46751,0
6013,23934,0
6014,33288,1
6015,4554,0
6016,15213,0
6017,27883,0
6018,97,0
6019,50614,0
6020,8417,0
6021,8675,0
6022,30856,0
6023,43541,1
6024,58759,0
6025,22465,0
6026,7017,0
6027,20526,0
6028,14435,0
6029,39588,0
6030,24288,0
6031,19572,0
6032,7320,0
6033,68230,0
6034,37400,1
6035,29702,0
6036,53330,0
6037,70894,0
6038,71082,0
6039,64373,0
6040,10452,1
6041,74306,0
6042,69844,0
6043,54413,0
6044,45055,0
6045,15623,0
6046,46599,0
6047,42315,0
6048,36873,0
6049,26970,0
6050,3103,0
6051,11741,0
6052,7375,0
6053,47256,0
6054,21771,0
6055,50376,1
6056,3910,0
6057,6274,0
6058,37271,0
6059,46322,0
6060,63582,0
6061,64304,0
6062,33749,0
6063,468,1
6064,21951,0
6065,57858,0
6066,69270,0
6067,21898,0
6068,12829,1
6069,42685,0
6070,71120,0
6071,385,0
6072,759,0
6073,53023,0
6074,22393,0
6075,70692,0
6076,35362,0
6077,63228,0
6078,48680,0
6079,63611,1
6080,13914,0
6081,73736,0
6082,56471,1
6083,2998,0
6084,6310,0
6085,44529,1
6086,69667,0
6087,41155,0
6088,5280,0
6089,61849,0
6090,71281,0
6091,13140,0
6092,66181,0
6093,16071,0
6094,11258,0
6095,1428,0
6096,59316,0
6097,11037,0
6098,56782,0
6099,58363,0
6100,46574,0
6101,63568,0
6102,898,0
6103,47809,0
6104,47570,0
6105,5351,0
6106,8212,0
6107,56781,0
6108,72460,0
6109,46821,0
6110,17543,0
6111,57249,1
6112,20587,0
6113,57699,1
6114,37116,0
6115,4237,0
6116,7443,0
6117,48555,0
6118,16538,1
6119,69728,0
6120,22445,0
6121,52358,0
6122,46837,0
6123,61807,0
6124,42827,0
6125,16233,0
6126,229,0
6127,73471,1
6128,40599,0
6129,278,0
6130,42806,0
6131,63275,1
6132,48633,0
6133,6146,1
6134,21727,0
6135,25273,0
6136,2040,0
6137,4957,0
6138,43638,0
6139,66683,0
6140,35307,0
6141,37695,0
6142,22093,0
6143,37787,0
6144,3018,0
6145,20017,0
6146,66081,1
6147,4032,0
6148,571,0
6149,44334,0
6150,5301,1
6151,2675,0
6152,42328,0
6153,34658,0
6154,14874,0
6155,15261,0
6156,39019,1
6157,29087,0
6158,19889,0
6159,15939,0
6160,86,0
6161,3177,0
6162,12269,0
6163,6198,0
6164,27295,0
6165,24229,0
6166,44442,0
6167,32732,0
6168,52616,0
6169,38786,0
6170,53922,0
6171,15582,0
6172,47323,0
6173,17644,0
6174,14790,0
6175,19731,0
6176,35777,0
6177,52671,1
6178,8488,0
6179,68168,0
6180,57822,0
6181,18065,0
6182,59834,0
6183,14694,0
6184,2415,0
6185,21766,0
6186,2861,0
6187,65277,0
6188,14831,0
6189,44452,0
6190,61505,0
6191,9753,0
6192,15073,0
6193,5396,0
6194,43544,0
6195,67467,1
6196,20371,0
6197,29121,0
6198,7691,0
6199,32955,0
6200,13776,0
6201,56875,0
6202,34991,1
6203,22054,1
6204,26617,0
6205,29851,0
6206,39655,0
6207,10986,0
6208,75129,0
6209,48770,1
6210,53388,1
6211,53026,0
6212,15045,0
6213,1059,0
6214,28084,0
6215,24747,0
6216,7924,0
6217,324,0
6218,5355,0
6219,73706,0
6220,7252,0
6221,23078,0
6222,2072,0
6223,49240,0
6224,67240,1
6225,45626,0
6226,15897,0
6227,76064,0
6228,37583,0
6229,18396,1
6230,44945,0
6231,56866,0
6232,12445,0
6233,5570,0
6234,55071,0
6235,13648,0
6236,60076,0
6237,13309,1
6238,31647,0
6239,69274,0
6240,14604,0
6241,36888,0
6242,5046,0
6243,29428,0
6244,69206,0
6245,10639,0
6246,22731,0
6247,1623,0
6248,46072,0
6249,68479,0
6250,32857,0
6251,58956,0
6252,20876,0
6253,22192,0
6254,31490,0
6255,10285,1
6256,206,0
6257,52034,0
6258,68384,0
6259,72494,0
6260,6622,0
6261,39486,0
6262,66661,0
6263,5017,0
6264,73720,0
6265,36377,0
6266,3624,0
6267,26847,0
6268,60554,0
6269,19956,0
6270,23659,0
6271,897,0
6272,25856,0
6273,12495,0
6274,3225,0
6275,13341,0
6276,5092,0
6277,12047,1
6278,41838,0
6279,21384,0
6280,61969,0
6281,44910,0
6282,55126,0
6283,31720,1
6284,8079,0
6285,5538,1
6286,42263,0
6287,20291,1
6288,3478,0
6289,30265,0
6290,58349,0
6291,22226,0
6292,56857,1
6293,46915,0
6294,32153,0
6295,82,0
6296,12131,0
6297,18112,0
6298,24518,0
6299,232,0
6300,26839,0
6301,454,0
6302,34707,0
6303,59942,0
6304,48070,0
6305,525,0
6306,55731,0
6307,30794,0
6308,42897,0
6309,7697,1
6310,34894,0
6311,13076,0
6312,11962,0
6313,69771,0
6314,48025,0
6315,436,0
6316,309,0
6317,65558,0
6318,51227,0
6319,56433,0
6320,18213,0
6321,45669,0
6322,2367,0
6323,20379,0
6324,20206,0
6325,10975,0
6326,17981,0
6327,13046,1
6328,15347,0
6329,14086,0
6330,20624,0
6331,55747,0
6332,54553,0
6333,14601,0
6334,69652,0
6335,56131,0
6336,1842,0
6337,29629,0
6338,36698,0
6339,10781,0
6340,14181,0
6341,58683,1
6342,19787,0
6343,30208,0
6344,71267,0
6345,74299,0
6346,46724,0
6347,44688,0
6348,44329,0
6349,10565,0
6350,33625,0
6351,19722,0
6352,54083,0
6353,10062,0
6354,27635,0
6355,16514,0
6356,6155,0
6357,27012,0
6358,15980,0
6359,58880,0
6360,61176,0
6361,34253,0
6362,40050,0
6363,8836,1
6364,9018,0
6365,14905,0
6366,50591,0
6367,38245,0
6368,37500,0
6369,40583,1
6370,19448,0
6371,13662,0
6372,1318,0
6373,44635,0
6374,23097,1
6375,11971,0
6376,14533,0
6377,5924,0
6378,26141,0
6379,22526,0
6380,22900,0
6381,18533,0
6382,9927,0
6383,24785,0
6384,3805,0
6385,49232,0
6386,31493,1
6387,44168,0
6388,13127,0
6389,39121,1
6390,23035,0
6391,72389,0
6392,6005,0
6393,66356,1
6394,45150,0
6395,18914,0
6396,7142,0
6397,40605,0
6398,37440,0
6399,54055,0
6400,42431,0
6401,52685,0
6402,60042,0
6403,42513,0
6404,6003,1
6405,2418,0
6406,45381,0
6407,30044,0
6408,18791,0
6409,59120,0
6410,57656,0
6411,8542,0
6412,4302,0
6413,35521,0
6414,24967,0
6415,4737,0
6416,1320,0
6417,16353,0
6418,43831,0
6419,46988,0
6420,19916,0
6421,64561,0
6422,29015,0
6423,22789,0
6424,20719,0
6425,34933,0
6426,23340,1
6427,30499,0
6428,52212,0
6429,49785,1
6430,59402,0
6431,25004,0
6432,23973,0
6433,10157,0
6434,32028,0
6435,2171,0
6436,66652,0
6437,58787,0
6438,52415,0
6439,72244,0
6440,50271,0
6441,12767,0
6442,40979,0
6443,55867,0
6444,63869,1
6445,23350,0
6446,67996,1
6447,70445,0
6448,32933,0
6449,49390,1
6450,51306,0
6451,14353,0
6452,67267,0
6453,45928,0
6454,4498,0
6455,61783,0
6456,3977,0
6457,70235,0
6458,3058,0
6459,33199,0
6460,74837,0
6461,18012,0
6462,57668,0
6463,74911,0
6464,59658,0
6465,3824,0
6466,26684,0
6467,7694,0
6468,57503,1
6469,3263,0
6470,30350,0
6471,16171,1
6472,67903,0
6473,31847,0
6474,40676,1
6475,8245,0
6476,12622,0
6477,22979,0
6478,53038,0
6479,47631,0
6480,72038,0
6481,2823,0
6482,35908,0
6483,54124,0
6484,9076,0
6485,12682,0
6486,49985,0
6487,54999,0
6488,34154,0
6489,21779,0
6490,55119,0
6491,2170,1
6492,2940,1
6493,3959,0
6494,65885,0
6495,13003,0
6496,64997,0
6497,62152,0
6498,31437,0
6499,7144,0
6500,56424,1
6501,1489,1
6502,12993,1
6503,45061,0
6504,75095,0
6505,8530,0
6506,1422,0
6507,44474,1
6508,8555,0
6509,54378,0
6510,24251,0
6511,3056,0
6512,49632,0
6513,28962,0
6514,9785,0
6515,28205,1
6516,42030,0
6517,2141,0
6518,56798,0
6519,11883,1
6520,52789,0
6521,21048,0
6522,18698,0
6523,1655,0
6524,31300,0
6525,35303,0
6526,15579,0
6527,75238,0
6528,41771,0
6529,66484,0
6530,52904,0
6531,54936,0
6532,22109,0
6533,50549,0
6534,18939,0
6535,72924,0
6536,67760,0
6537,10185,0
6538,73810,0
6539,52737,1
6540,24757,1
6541,20217,0
6542,19533,0
6543,18692,0
6544,17749,0
6545,36684,0
6546,1171,0
6547,21036,0
6548,3025,0
6549,67491,0
6550,6113,0
6551,9100,1
6552,15027,0
6553,541,0
6554,31092,0
6555,20259,0
6556,20664,0
6557,13243,0
6558,21243,0
6559,1711,0
6560,28243,0
6561,4560,0
6562,24556,0
6563,64879,0
6564,25241,0
6565,30475,0
6566,49724,0
6567,49131,1
6568,34618,0
6569,62233,0
6570,15382,0
6571,22768,0
6572,1594,0
6573,15649,0
6574,17476,0
6575,6125,0
6576,55484,0
6577,14954,0
6578,46969,0
6579,3426,0
6580,29266,0
6581,36235,0
6582,37550,1
6583,14075,0
6584,65907,0
6585,62328,0
6586,3775,0
6587,26691,0
6588,39639,0
6589,1798,1
6590,73322,0
6591,38763,0
6592,55942,0
6593,23631,0
6594,11744,0
6595,31953,0
6596,62886,0
6597,1351,1
6598,9227,0
6599,71802,0
6600,74781,0
6601,65185,0
6602,65118,0
6603,49789,0
6604,928,1
6605,15374,0
6606,4525,0
6607,16670,0
6608,19664,0
6609,13927,0
6610,50942,0
6611,58311,0
6612,73739,0
6613,7411,0
6614,6558,0
6615,11840,0
6616,73337,0
6617,75320,0
6618,1387,0
6619,25539,0
6620,58067,0
6621,11194,0
6622,33215,0
6623,13468,0
6624,48794,0
6625,57058,0
6626,9491,0
6627,28763,0
6628,36248,0
6629,36071,0
6630,15590,0
6631,332,0
6632,27071,0
6633,36454,0
6634,66720,0
6635,42861,0
6636,54291,0
6637,71304,0
6638,16637,1
6639,70287,0
6640,57712,0
6641,7337,0
6642,1217,0
6643,36254,0
6644,61915,0
6645,18948,1
6646,69433,0
6647,9476,0
6648,59970,0
6649,27928,0
6650,70598,0
6651,53075,0
6652,245,0
6653,47088,0
6654,2399,1
6655,6482,0
6656,3411,0
6657,6258,0
6658,14124,0
6659,73368,0
6660,1533,0
6661,65682,0
6662,60987,0
6663,46615,0
6664,65768,0
6665,27950,0
6666,59685,0
6667,53224,0
6668,25302,0
6669,16133,1
6670,39601,0
6671,41339,0
6672,1667,0
6673,32124,0
6674,4443,0
6675,49071,0
6676,60536,0
6677,63129,1
6678,11593,0
6679,8966,1
6680,60526,0
6681,4381,0
6682,17510,1
6683,64674,1
6684,11934,0
6685,53546,0
6686,67406,0
6687,21459,0
6688,22560,0
6689,14590,0
6690,14787,0
6691,15589,1
6692,10310,1
6693,60224,0
6694,14256,0
6695,59458,0
6696,51793,0
6697,2316,1
6698,10609,1
6699,55015,0
6700,48828,0
6701,17216,0
6702,37376,1
6703,40985,1
6704,6247,1
6705,32378,0
6706,21985,0
6707,50758,0
6708,15798,0
6709,62758,1
6710,20196,0
6711,18537,0
6712,61535,0
6713,31630,0
6714,74397,0
6715,54528,0
6716,4552,0
6717,23265,0
6718,73511,0
6719,46116,0
6720,72743,0
6721,15990,0
6722,38066,0
6723,68073,0
6724,1622,0
6725,24381,0
6726,41841,0
6727,17333,0
6728,53804,0
6729,73661,0
6730,16030,0
6731,59269,1
6732,15774,0
6733,26597,0
6734,42698,0
6735,39763,0
6736,37789,0
6737,27168,0
6738,53966,0
6739,52174,1
6740,14524,0
6741,5173,0
6742,14514,1
6743,22646,0
6744,9158,0
6745,6724,1
6746,7151,0
6747,38314,0
6748,40763,0
6749,14814,0
6750,11647,0
6751,75315,0
6752,46798,0
6753,8307,0
6754,17471,0
6755,57756,0
6756,12749,0
6757,56768,0
6758,37341,0
6759,30201,0
6760,3185,0
6761,36392,0
6762,67345,0
6763,46904,0
6764,47896,0
6765,25016,0
6766,16110,0
6767,63998,0
6768,57720,0
6769,57940,0
6770,10990,1
6771,9318,0
6772,14931,0
6773,4676,0
6774,27314,0
6775,17211,0
6776,27152,0
6777,15820,0
6778,1388,0
6779,46648,0
6780,3845,0
6781,52869,0
6782,1569,0
6783,29938,0
6784,56560,0
6785,24083,0
6786,13713,0
6787,33358,0
6788,58054,0
6789,42676,0
6790,18637,0
6791,38010,0
6792,4145,0
6793,57286,0
6794,35014,0
6795,22775,0
6796,5371,0
6797,65282,0
6798,6636,0
6799,20780,0
6800,53261,0
6801,16955,0
6802,64118,0
6803,50953,1
6804,65838,0
6805,33854,1
6806,56415,0
6807,19795,0
6808,28997,1
6809,53975,0
6810,41217,0
6811,46055,0
6812,3520,0
6813,1167,0
6814,69856,0
6815,39959,0
6816,3523,0
6817,46266,0
6818,777,0
6819,41919,0
6820,135,0
6821,36598,0
6822,43510,0
6823,14932,0
6824,41450,0
6825,26594,1
6826,2520,0
6827,72843,0
6828,33728,0
6829,71646,0
6830,25404,0
6831,23741,0
6832,63352,0
6833,50554,1
6834,69166,0
6835,29335,0
6836,58146,0
6837,69549,0
6838,28093,0
6839,28389,0
6840,12297,1
6841,17318,0
6842,66011,1
6843,5352,0
6844,12145,0
6845,26938,0
6846,22183,0
6847,55856,0
6848,20071,0
6849,76169,0
6850,15500,0
6851,13603,1
6852,74697,0
6853,62919,0
6854,20292,0
6855,69366,0
6856,72304,0
6857,30976,0
6858,41021,0
6859,4097,0
6860,17504,0
6861,45803,0
6862,7902,0
6863,20436,1
6864,54269,0
6865,12302,0
6866,28040,0
6867,44156,0
6868,37861,0
6869,4518,0
6870,68469,0
6871,41342,0
6872,6055,0
6873,1425,0
6874,34744,0
6875,2955,0
6876,12937,0
6877,67561,0
6878,56410,0
6879,30774,0
6880,49198,0
6881,4836,0
6882,67990,0
6883,8910,0
6884,46769,1
6885,18189,0
6886,64424,0
6887,55014,1
6888,572,1
6889,48969,0
6890,66703,0
6891,20581,0
6892,11349,0
6893,7671,0
6894,13826,0
6895,16574,0
6896,4845,0
6897,4082,0
6898,55073,0
6899,35964,0
6900,26281,0
6901,66561,1
6902,612,0
6903,26850,0
6904,72336,0
6905,75388,0
6906,1423,0
6907,26669,1
6908,31605,0
6909,8707,0
6910,25412,0
6911,1392,0
6912,62679,0
6913,24634,0
6914,49818,1
6915,30330,0
6916,76171,1
6917,18050,0
6918,7742,0
6919,41578,0
6920,39238,0
6921,65763,0
6922,48263,0
6923,45737,0
6924,59062,0
6925,3275,0
6926,282,0
6927,45109,0
6928,33705,0
6929,24792,0
6930,24302,0
6931,27938,0
6932,35834,0
6933,4819,1
6934,60918,0
6935,74023,0
6936,44847,0
6937,53395,1
6938,76190,0
6939,47635,0
6940,45064,0
6941,18242,0
6942,26683,0
6943,54547,1
6944,35252,0
6945,20653,0
6946,23092,0
6947,46842,0
6948,5185,0
6949,36976,0
6950,19226,0
6951,25047,0
6952,40996,0
6953,61542,0
6954,64409,0
6955,20061,0
6956,8127,0
6957,45138,1
6958,53187,1
6959,54743,0
6960,44042,1
6961,8617,0
6962,61747,0
6963,11089,0
6964,39582,1
6965,49807,0
6966,29788,0
6967,33161,0
6968,5152,0
6969,68930,0
6970,9378,0
6971,37381,0
6972,8424,0
6973,71430,0
6974,20466,0
6975,46003,0
6976,11051,0
6977,36212,0
6978,25880,1
6979,67368,0
6980,58730,0
6981,44793,0
6982,15940,0
6983,36693,0
6984,1157,0
6985,15122,1
6986,31485,0
6987,3811,0
6988,37704,0
6989,28488,0
6990,5289,1
6991,39257,0
6992,4227,0
6993,2614,0
6994,10892,1
6995,52205,0
6996,75091,0
6997,18837,0
6998,1307,0
6999,49523,0
7000,15274,1
7001,21052,0
7002,24936,0
7003,55495,0
7004,569,0
7005,73206,0
7006,6757,0
7007,39906,0
7008,64485,1
7009,69676,0
7010,44690,0
7011,67703,0
7012,42399,0
7013,35911,0
7014,20068,0
7015,33875,0
7016,70206,0
7017,47497,0
7018,65433,1
7019,20218,0
7020,17662,1
7021,42186,0
7022,27129,1
7023,28563,0
7024,36981,0
7025,22706,0
7026,37928,0
7027,60653,0
7028,33793,0
7029,52806,0
7030,64407,0
7031,12326,0
7032,58854,0
7033,63193,0
7034,4530,0
7035,14430,0
7036,6187,0
7037,54406,0
7038,3022,0
7039,62903,0
7040,3499,0
7041,1965,1
7042,7981,0
7043,1959,0
7044,49441,0
7045,33981,1
7046,8161,0
7047,6397,0
7048,10701,0
7049,41683,0
7050,42805,0
7051,27619,0
7052,5778,0
7053,24601,0
7054,3133,0
7055,10910,0
7056,31397,0
7057,32279,0
7058,2862,0
7059,17246,0
7060,7356,0
7061,26404,0
7062,64865,0
7063,49119,0
7064,12255,0
7065,17297,0
7066,50153,0
7067,14867,1
7068,65065,0
7069,52520,0
7070,75892,0
7071,9759,0
7072,42189,0
7073,1041,0
7074,43673,0
7075,75138,0
7076,11641,0
7077,977,0
7078,58685,0
7079,34284,1
7080,46119,0
7081,45856,0
7082,71173,1
7083,20665,0
7084,45520,0
7085,31910,0
7086,12679,0
7087,16243,0
7088,5332,0
7089,51928,0
7090,60352,1
7091,44605,0
7092,32512,0
7093,5587,1
7094,983,0
7095,7718,0
7096,26325,0
7097,35960,0
7098,1800,0
7099,69890,0
7100,57642,0
7101,6499,0
7102,29161,0
7103,40948,0
7104,39961,0
7105,32002,0
7106,44481,0
7107,75729,0
7108,75735,0
7109,16470,0
7110,54790,0
7111,27798,0
7112,37955,0
7113,22600,0
7114,1675,0
7115,42689,1
7116,52344,0
7117,10482,0
7118,70907,0
7119,52364,0
7120,59571,0
7121,56343,0
7122,18494,0
7123,48386,0
7124,25479,0
7125,4818,0
7126,67868,0
7127,794,0
7128,387,0
7129,40619,1
7130,7762,0
7131,13841,0
7132,75374,0
7133,31919,0
7134,47195,0
7135,29129,0
7136,38969,0
7137,60272,0
7138,21852,0
7139,17275,0
7140,8496,0
7141,36467,0
7142,59553,0
7143,23122,0
7144,40333,1
7145,71396,0
7146,35945,0
7147,1201,0
7148,3026,0
7149,11286,0
7150,22210,0
7151,2537,0
7152,58780,0
7153,29227,0
7154,9226,0
7155,6419,0
7156,14200,1
7157,6807,0
7158,19370,0
7159,50738,0
7160,54252,0
7161,40733,0
7162,5427,0
7163,5489,0
7164,25188,0
7165,66421,0
7166,5674,0
7167,34120,0
7168,25537,0
7169,42172,0
7170,3531,0
7171,52752,0
7172,56178,0
7173,1773,0
7174,72557,0
7175,60110,0
7176,51328,0
7177,17590,0
7178,11696,0
7179,5329,1
7180,59554,0
7181,36627,0
7182,27322,0
7183,69272,0
7184,71759,0
7185,116,0
7186,7701,1
7187,63079,0
7188,12948,0
7189,21340,0
7190,60353,0
7191,28232,0
7192,6369,0
7193,30762,0
7194,8796,0
7195,29120,0
7196,28680,0
7197,1897,0
7198,48407,0
7199,66020,0
7200,24646,1
7201,30495,0
7202,12886,0
7203,22836,0
7204,69576,1
7205,6573,0
7206,35052,0
7207,35118,0
7208,10877,0
7209,13715,1
7210,61446,0
7211,9959,0
7212,7494,0
7213,75210,0
7214,3193,0
7215,26159,0
7216,48526,0
7217,24056,0
7218,14811,0
7219,12457,0
7220,47525,0
7221,7420,0
7222,59992,0
7223,45496,0
7224,3906,0
7225,60842,0
7226,68241,0
7227,25021,0
7228,12241,0
7229,30773,0
7230,29503,1
7231,60177,0
7232,8752,0
7233,28637,0
7234,57401,0
7235,9365,0
7236,41254,1
7237,54108,0
7238,47327,0
7239,36002,0
7240,3773,0
7241,29046,0
7242,64299,0
7243,53383,0
7244,75673,0
7245,28996,0
7246,53527,0
7247,55707,0
7248,10438,0
7249,52646,0
7250,33431,0
7251,10880,0
7252,35641,0
7253,21977,0
7254,3960,0
7255,138,0
7256,18419,0
7257,20053,0
7258,14809,0
7259,23402,0
7260,35123,0
7261,1310,0
7262,60716,0
7263,42947,0
7264,69157,0
7265,11340,0
7266,23419,1
7267,31888,0
7268,5664,0
7269,55254,0
7270,46152,0
7271,47095,0
7272,29096,0
7273,17828,0
7274,38617,0
7275,56211,1
7276,17015,0
7277,701,0
7278,2459,0
7279,55490,0
7280,22355,0
7281,13108,0
7282,17865,0
7283,22714,0
7284,19848,0
7285,75563,1
7286,9583,1
7287,46857,0
7288,71812,0
7289,6576,0
7290,672,0
7291,70953,0
7292,51535,0
7293,8392,0
7294,6255,0
7295,29831,0
7296,11533,0
7297,30936,0
7298,12324,0
7299,40484,0
7300,24265,0
7301,49797,0
7302,14313,0
7303,9028,0
7304,2335,0
